CASE_ID,ACCIDENT_YEAR,PROC_DATE,JURIS,COLLISION_DATE,COLLISION_TIME,OFFICER_ID,REPORTING_DISTRICT,DAY_OF_WEEK,CHP_SHIFT,POPULATION,CNTY_CITY_LOC,SPECIAL_COND,BEAT_TYPE,CHP_BEAT_TYPE,CITY_DIVISION_LAPD,CHP_BEAT_CLASS,BEAT_NUMBER,PRIMARY_RD,SECONDARY_RD,DISTANCE,DIRECTION,INTERSECTION,WEATHER_1,WEATHER_2,STATE_HWY_IND,CALTRANS_COUNTY,CALTRANS_DISTRICT,STATE_ROUTE,ROUTE_SUFFIX,POSTMILE_PREFIX,POSTMILE,LOCATION_TYPE,RAMP_INTERSECTION,SIDE_OF_HWY,TOW_AWAY,COLLISION_SEVERITY,NUMBER_KILLED,NUMBER_INJURED,PARTY_COUNT,PRIMARY_COLL_FACTOR,PCF_CODE_OF_VIOL,PCF_VIOL_CATEGORY,PCF_VIOLATION,PCF_VIOL_SUBSECTION,HIT_AND_RUN,TYPE_OF_COLLISION,MVIW,PED_ACTION,ROAD_SURFACE,ROAD_COND_1,ROAD_COND_2,LIGHTING,CONTROL_DEVICE,CHP_ROAD_TYPE,PEDESTRIAN_ACCIDENT,BICYCLE_ACCIDENT,MOTORCYCLE_ACCIDENT,TRUCK_ACCIDENT,NOT_PRIVATE_PROPERTY,ALCOHOL_INVOLVED,STWD_VEHTYPE_AT_FAULT,CHP_VEHTYPE_AT_FAULT,COUNT_SEVERE_INJ,COUNT_VISIBLE_INJ,COUNT_COMPLAINT_PAIN,COUNT_PED_KILLED,COUNT_PED_INJURED,COUNT_BICYCLIST_KILLED,COUNT_BICYCLIST_INJURED,COUNT_MC_KILLED,COUNT_MC_INJURED,PRIMARY_RAMP,SECONDARY_RAMP,LATITUDE,LONGITUDE,COUNTY,CITY,POINT_X,POINT_Y
90581634,2017,2017-10-30,9645,2017-10-21,0935,018223,,6,1,7,3711,0,3,5,,2,024,"RANCHO BERNARDO RD W/B","ALVA RD",550.00,E,N,A,-,N,,,,,,,,,,N,3,0,1,1,C,-,18,,,N,F,A,A,A,G,-,A,D,0,,Y,,,Y,,-,-,0,1,0,0,0,0,1,0,0,-,-,33.02213,-117.10335,"SAN DIEGO","SAN DIEGO",-117.10351958,33.02208179
90410428,2017,2017-03-13,9645,2017-03-02,1640,017953,,4,2,7,3711,0,1,1,,2,021,"S/B SR-15/40TH ST FROM EL CAJON BLVD.","E/B EL CAJON BLVD.",10.00,S,N,A,-,Y,,,,,,,,,,N,4,0,1,2,A,-,12,21453,A,N,D,G,A,A,H,-,A,A,0,,Y,,,Y,,L,04,0,0,1,0,0,0,1,0,0,-,-,32.75506,-117.10934,"SAN DIEGO","SAN DIEGO",,
90027314,2015,2015-10-19,9645,2015-09-29,0944,013383,,2,1,7,3711,0,3,5,,2,024,"W/B BERNARDO CENTER DRIVE","CAYENNE RIDGE ROAD",120.00,W,N,A,-,N,,,,,,,,,,N,3,0,1,1,B,-,22,,,N,F,A,A,A,H,-,A,D,0,,Y,,,Y,,L,04,0,1,0,0,0,0,1,0,0,-,-,33.0023,-117.10123,"SAN DIEGO","SAN DIEGO",,
90196205,2016,2016-06-07,9645,2016-06-06,0755,014669,,1,1,7,3711,0,3,5,,2,024,"DOVE CANYON ROAD S/B (16100 BLOCK)","DOVE CREEK ROAD",85.00,N,N,A,-,N,,,,,,,,,,N,4,0,1,2,A,-,03,22350,,N,C,G,A,A,H,-,A,A,0,,Y,,,Y,,L,04,0,0,1,0,0,0,1,0,0,-,-,33.00606,-117.10947,"SAN DIEGO","SAN DIEGO",-117.10918987,33.00570978
90124838,2016,2016-02-29,9645,2016-01-26,0002,020301,,2,3,7,3711,0,1,1,,2,010,"I-5 S/B TO ROSECRANS ST.","FRIARS RD",120.00,S,N,A,-,Y,,,5,,,,R,,S,N,2,0,1,2,A,-,08,22107,,N,G,G,A,A,H,-,D,D,0,,Y,,,Y,Y,L,04,1,0,0,0,0,0,1,0,0,-,-,32.76046,-117.2053,"SAN DIEGO","SAN DIEGO",-117.2053,32.76046
8780066,2018,2019-02-15,3711,2018-11-25,2302,6967,,7,5,7,3711,0,0,0,,0,313,"CLAIREMONT MESA BL","RT 163",341.00,W,N,A,-,N,,,,,,,,,,N,2,0,1,2,A,-,17,21209,A,N,C,G,A,A,H,-,C,D,0,,Y,,,Y,,A,01,1,0,0,0,0,0,1,0,0,-,NO,,,"SAN DIEGO","SAN DIEGO",-117.14175828,32.83163862
8778719,2018,2019-01-30,3711,2018-12-26,1008,5654,,3,5,7,3711,0,0,0,,0,627,"WEST WASHINGTON ST","FRONT ST",126.00,W,N,-,-,N,,,,,,,,,,N,3,0,1,2,A,-,08,22107,,N,D,G,A,-,H,-,A,D,0,,Y,,,Y,,A,07,0,1,0,0,0,0,1,0,0,-,-,,,"SAN DIEGO","SAN DIEGO",-117.16540846,32.74983
8775875,2018,2019-02-12,3711,2018-12-26,1740,6762,SD,3,5,7,3711,0,0,0,,0,832,"UNIVERSITY AV","UNIVERSITY AV 4100",4.00,N,N,A,-,N,,,,,,,,,,N,4,0,1,2,A,-,09,21804,A,M,D,G,A,A,H,-,C,D,0,,Y,,,Y,,-,,0,0,1,0,0,0,1,0,0,-,-,,,"SAN DIEGO","SAN DIEGO",,
8773350,2018,2019-01-07,3711,2018-12-13,1220,5910,504A,4,5,7,3711,0,0,0,,0,503,"HARBOR ISLAND DR","LIBERATOR WY",0.00,,Y,A,-,N,,,,,,,,,,N,4,0,1,2,A,-,12,21453,A,N,D,G,A,A,H,-,A,A,0,,Y,,,Y,,L,04,0,0,1,0,0,0,1,0,0,-,-,,,"SAN DIEGO","SAN DIEGO",-117.19648004,32.72700001
8772562,2018,2019-01-18,3711,2018-12-20,1608,7226,,4,5,7,3711,0,0,0,,0,813,"30TH ST","DWIGHT ST",0.00,,Y,A,-,N,,,,,,,,,,N,3,0,1,2,A,-,00,21760,,M,B,G,A,A,H,-,A,D,0,,Y,,,Y,,A,01,0,1,0,0,0,0,1,0,0,-,-,,,"SAN DIEGO","SAN DIEGO",-117.1300801,32.74423006
8772511,2018,2019-01-16,3711,2018-12-27,1050,6614,,4,5,7,3711,0,0,0,,0,124,"TORERY PINES RD","CALLE DE LA PLATA",40.00,W,-,A,-,N,,,,,,,,,,N,4,0,1,2,A,-,00,22360,,N,C,G,A,A,H,-,A,D,0,,Y,,,Y,,-,,0,0,1,0,0,0,1,0,0,-,-,,,"SAN DIEGO","SAN DIEGO",-117.25605186,32.85019218
8772507,2018,2019-01-16,3711,2018-12-20,1356,7666,"SAN D",4,5,7,3711,0,0,0,,0,124,"TORREY PINES RD","PROSPECT PL",0.00,,Y,A,-,N,,,,,,,,,,N,4,0,1,2,A,-,09,21801,A,N,-,G,A,A,H,-,A,A,0,,Y,,,Y,,A,01,0,0,1,0,0,0,1,0,0,-,-,,,"SAN DIEGO","SAN DIEGO",-117.26740012,32.84721006
8772146,2018,2019-01-29,3711,2018-12-26,1131,8192,,3,5,7,3711,0,0,0,,0,838,"WIGHTMAN ST","36TH ST",0.00,W,N,A,-,N,,,,,,,,,,N,4,0,1,2,A,-,08,22107,,N,D,G,A,A,H,-,A,D,0,,Y,,,Y,,D,22,0,0,1,0,0,0,1,0,0,-,-,,,"SAN DIEGO","SAN DIEGO",-117.11561001,32.74788005
8772142,2018,2019-02-02,3711,2018-12-23,0805,7834,,7,5,7,3711,0,0,0,,0,115,"PALMILLA DR","LEBON DR",0.00,,Y,A,-,N,,,,,,,,,,Y,3,0,1,2,A,-,08,22107,,N,D,G,A,A,H,-,A,A,0,,Y,,,Y,,-,-,0,1,0,0,0,0,1,0,0,-,-,,,"SAN DIEGO","SAN DIEGO",-117.22538003,32.86477001
8771716,2018,2019-01-29,3711,2018-12-08,1246,7226,,6,5,7,3711,0,0,0,,0,625,"CONGRESS ST","CONGRESS ST 2725",0.00,,Y,A,-,N,,,,,,,,,,N,3,0,1,2,A,-,17,22517,,N,H,G,A,A,H,-,A,D,0,,Y,,,Y,,A,01,0,1,0,0,0,0,1,0,0,-,-,,,"SAN DIEGO","SAN DIEGO",,
8771261,2018,2019-01-31,3711,2018-12-11,1010,6999,,2,5,7,3711,0,0,0,,0,523,"G ST","5TH AV",0.00,,Y,A,-,N,,,,,,,,,,N,4,0,1,2,A,-,17,22517,,N,D,G,A,A,H,-,A,D,0,,Y,,,Y,,D,22,0,0,1,0,0,0,1,0,0,-,-,,,"SAN DIEGO","SAN DIEGO",-117.16014005,32.71257008
8769764,2018,2019-02-20,3711,2018-12-17,1312,5654,,1,5,7,3711,0,0,0,,0,627,"UNIVERSITY AV","NORMAL ST",96.00,W,N,A,-,N,,,,,,,,,,N,4,0,1,2,A,-,08,22101,D,N,B,G,A,A,H,-,A,A,0,,Y,,,Y,,L,04,0,0,1,0,0,0,1,0,0,-,-,,,"SAN DIEGO","SAN DIEGO",-117.15026675,32.74842
8769673,2018,2019-01-29,3711,2018-12-17,1121,5454,,1,5,7,3711,0,0,0,,0,833,"FAIRMOUNT AV","UNIVERSITY AV",285.00,S,N,A,-,N,,,,,,,,,,N,4,0,2,2,A,-,12,22450,A,N,H,G,A,A,H,-,A,A,0,,Y,Y,,Y,,C,02,0,0,2,0,0,0,1,0,1,-,-,,,"SAN DIEGO","SAN DIEGO",-117.10091797,32.74881948
8769665,2018,2019-01-29,3711,2018-12-19,1945,7592,SD,3,5,7,3711,0,0,0,,0,115,"GENESEE AV","LUIGI TER",780.00,N,N,A,-,N,,,,,,,,,,N,3,0,1,1,A,-,-,,,N,H,-,A,A,G,-,D,D,0,,Y,,,Y,,L,04,0,1,0,0,0,0,1,0,0,-,-,,,"SAN DIEGO","SAN DIEGO",-117.20910551,32.86068423
8769246,2018,2019-01-26,3711,2018-12-18,0200,6055,,2,5,7,3711,0,0,0,,0,504,"WEST HARBOR DR","FRONT ST",0.00,,Y,A,-,N,,,,,,,,,,N,3,0,1,1,A,-,03,22350,A,N,H,J,A,A,H,-,C,A,0,,Y,,,Y,Y,L,04,0,1,0,0,0,0,1,0,0,-,-,32.70933,-117.16516,"SAN DIEGO","SAN DIEGO",-117.16516003,32.70934007
8769234,2018,2019-01-26,3711,2018-12-08,0130,5965,,6,5,7,3711,0,0,0,,0,504,"NORTH HARBOR DR","HAWTHORNE ST",140.00,S,N,A,-,N,,,,,,,,,,N,3,0,1,1,A,-,03,22350,,N,E,I,A,A,H,-,C,D,0,,Y,,,Y,Y,L,04,0,1,0,0,0,0,1,0,0,-,-,,,"SAN DIEGO","SAN DIEGO",-117.17335134,32.72474765
8768522,2018,2019-01-26,3711,2018-12-22,1409,7616,,6,5,7,3711,0,0,0,,0,122,"LA JOLLA BL","OPAL ST",5.00,N,N,A,-,N,,,,,,,,,,N,3,0,1,1,A,-,08,22107,,N,E,I,A,A,H,-,A,D,0,,Y,,,Y,,L,04,0,1,0,0,0,0,1,0,0,-,-,,,"SAN DIEGO","SAN DIEGO",-117.25922947,32.80578112
8768514,2018,2019-01-26,3711,2018-12-22,0940,7158,,6,5,7,3711,0,0,0,,0,436,"LAUSANNE DR","LAUSANNE DR 243",4.00,W,N,A,-,N,,,,,,,,,,N,3,0,1,2,A,-,08,22107,,N,A,E,A,A,H,-,A,D,0,,Y,,,Y,,L,04,0,1,0,0,0,0,1,0,0,-,-,,,"SAN DIEGO","SAN DIEGO",,
8767274,2018,2019-01-02,3711,2018-11-07,1000,6614,,3,5,7,3711,0,0,0,,0,124,"PASEO DORADO","EL PASEO GRANDE",42.00,W,N,A,-,N,,,,,,,,,,N,3,0,1,2,A,-,17,22517,,N,B,G,A,A,H,-,A,D,0,,Y,,,Y,,A,01,0,1,0,0,0,0,1,0,0,-,-,,,"SAN DIEGO","SAN DIEGO",-117.25587623,32.85252439
8767179,2018,2019-01-08,3711,2018-12-04,1440,5700,,2,5,7,3711,0,0,0,,0,445,"47TH ST","47TH ST 600",0.00,,-,A,-,N,,,,,,,,,,N,4,0,1,1,A,-,21,22106,,N,H,-,A,A,H,-,A,D,0,,Y,,,Y,,L,04,0,0,1,0,0,0,1,0,0,-,-,,,"SAN DIEGO","SAN DIEGO",,
8767147,2018,2019-01-08,3711,2018-12-07,1214,5662,,5,5,7,3711,0,0,0,,0,932,"NORTH TORREY PINES RD","SYME DR",7920.00,N,N,A,-,N,,,,,,,,,,N,3,0,1,1,A,-,03,22350,,N,E,-,A,A,H,-,A,D,0,,Y,,,Y,,L,04,0,1,0,0,0,0,1,0,0,-,-,,,"SAN DIEGO","SAN DIEGO",,
8764485,2018,2019-01-09,3711,2018-11-27,0846,5628,,2,5,7,3711,0,0,0,,0,115,"RENAISSANCE AV","FIORE TER",16.00,N,N,A,-,N,,,,,,,,,,N,4,0,1,2,A,-,09,21801,A,N,D,G,A,A,H,-,A,D,0,,Y,,,Y,,A,01,0,0,1,0,0,0,1,0,0,-,-,,,"SAN DIEGO","SAN DIEGO",-117.20479885,32.86997084
8764484,2018,2019-01-09,3711,2018-11-24,1722,5812,SANDI,6,5,7,3711,0,0,0,,0,124,"FAY AV","PEARL ST",0.00,,Y,B,-,N,,,,,,,,,,N,3,0,1,2,A,-,09,21801,A,N,B,G,A,A,H,-,C,A,0,,Y,,,Y,,-,,0,1,0,0,0,0,1,0,0,-,-,,,"SAN DIEGO","SAN DIEGO",-117.27370007,32.84022006
8764130,2018,2019-01-11,3711,2018-11-17,0641,7073,,6,5,7,3711,0,0,0,,0,615,"CARLETON ST","LOCUST ST",0.00,,Y,A,-,N,,,,,,,,,,,3,0,1,2,A,-,12,22450,A,N,D,G,A,A,H,-,A,C,0,,Y,,,Y,,L,04,0,1,0,0,0,0,1,0,0,-,-,,,"SAN DIEGO","SAN DIEGO",-117.23143005,32.72377006
8762298,2018,2019-01-02,3711,2018-11-18,2110,5672,,7,5,7,3711,0,0,0,,0,313,"CONVOY ST","CLAIREMONT MESA BL",0.00,,Y,A,-,N,,,,,,,,,,N,3,0,1,2,A,-,09,21453,B,N,D,G,A,A,H,-,C,A,0,,Y,,,Y,,-,,0,1,0,0,0,0,1,0,0,-,-,,,"SAN DIEGO","SAN DIEGO",-117.15328004,32.83275008
8759992,2018,2019-01-26,3711,2018-12-02,1326,7685,,7,5,7,3711,0,0,0,,0,122,"PACIFIC BEACH DR","PACIFIC BEACH DR 700",5.00,S,N,A,-,N,,,,,,,,,,N,4,0,1,3,A,-,17,22517,,N,B,G,A,A,-,-,A,D,0,,Y,,,Y,,A,01,0,0,1,0,0,0,1,0,0,-,-,,,"SAN DIEGO","SAN DIEGO",,
8759886,2018,2019-01-26,3711,2018-12-06,2140,8447,,4,5,7,3711,0,0,0,,0,723,"PALM AV","BEYER WAY",15.00,E,N,C,-,N,,,,,,,,,,N,4,0,1,2,A,-,17,21200,A,N,D,G,A,B,H,-,C,A,0,,Y,,,Y,,L,04,0,0,1,0,0,0,1,0,0,-,-,,,"SAN DIEGO","SAN DIEGO",-117.06196151,32.58376827
8759881,2018,2019-01-28,3711,2018-12-01,1701,7526,SDPD,6,5,7,3711,0,0,0,,0,124,"PEARL ST","FAY AV",0.00,,Y,A,-,N,,,,,,,,,,N,4,0,1,2,A,-,21,22106,,N,D,G,A,A,H,-,C,A,0,,Y,,,Y,,L,04,0,0,1,0,0,0,1,0,0,-,-,,,"SAN DIEGO","SAN DIEGO",-117.27370007,32.84022006
8759870,2018,2019-01-26,3711,2018-12-09,1004,7832,,7,5,7,3711,0,0,0,,0,823,"UNIVERSITY AV","COLLEGE AV",0.00,,Y,A,-,N,,,,,,,,,,N,3,0,1,2,A,-,12,21453,A,N,B,G,A,A,H,-,A,A,0,,Y,,,Y,Y,L,04,0,1,0,0,0,0,1,0,0,-,-,,,"SAN DIEGO","SAN DIEGO",-117.0644801,32.75286008
8756546,2018,2018-12-20,3711,2018-11-29,1421,5923,"SAN D",4,5,7,3711,0,0,0,,0,627,"6TH AV","UNIVERSITY AV",0.00,,Y,A,-,N,,,,,,,,,,N,3,0,1,2,D,-,00,,,N,D,G,A,A,H,-,A,A,0,,Y,,,Y,,-,-,0,1,0,0,0,0,1,0,0,-,-,,,"SAN DIEGO","SAN DIEGO",-117.15953012,32.7483301
8754423,2018,2019-01-17,3711,2018-11-28,0648,5628,,3,5,7,3711,0,0,0,,0,124,"LA JOLLA HERMOSA AV","CARLA WY",0.00,,Y,A,-,N,,,,,,,,,,N,3,0,2,2,A,-,12,22450,A,N,D,B,B,A,H,-,A,A,0,Y,Y,,,Y,,L,04,0,2,0,0,1,0,1,0,0,-,-,,,"SAN DIEGO","SAN DIEGO",-117.26341006,32.80961001
8753757,2018,2019-02-22,3711,2018-12-18,0740,7790,,2,5,7,3711,0,0,0,,0,122,"GRAND AV","LEE ST",0.00,,Y,A,-,N,,,,,,,,,,N,3,0,1,2,A,-,-,,,N,-,G,A,A,H,-,A,A,0,,Y,,,Y,,L,04,0,1,0,0,0,0,1,0,0,-,-,,,"SAN DIEGO","SAN DIEGO",-117.22465002,32.80137002
8753086,2018,2019-01-28,3711,2018-12-04,0909,6403,SANDI,2,5,7,3711,0,0,0,,0,233,"BLACK MOUNTAIN RD","PARK VILLAGE RD",24.00,N,N,A,-,N,,,,,,,,,,N,3,0,1,2,A,-,08,22100,A,N,B,G,A,A,H,-,A,A,0,,Y,,,Y,,-,-,0,1,0,0,0,0,1,0,0,-,-,,,"SAN DIEGO","SAN DIEGO",-117.13002068,32.94689527
8752091,2018,2019-01-25,3711,2018-11-28,1542,7562,SD,3,5,7,3711,0,0,0,,0,113,"MORENA BL","BALBOA AV",284.00,S,N,A,-,N,,,,,,,,,,N,3,0,1,1,D,-,00,,,N,E,-,A,A,D,-,A,D,0,,Y,,,Y,,-,-,0,1,0,0,0,0,1,0,0,-,-,,,"SAN DIEGO","SAN DIEGO",-117.21327504,32.80661233
8751438,2018,2018-12-10,3711,2018-10-20,1525,5963,,6,5,7,3711,0,0,0,,0,504,"W HARBOR DR","HARBOR LN",0.00,,Y,A,-,N,,,,,,,,,,N,3,0,1,2,B,-,22,,,N,A,G,A,A,E,G,A,D,0,,Y,,,Y,,M,93,0,1,0,0,0,0,1,0,0,-,-,,,"SAN DIEGO","SAN DIEGO",-117.17206013,32.71146008
8748025,2018,2019-01-25,3711,2018-11-09,2300,7785,"SAN D",5,5,7,3711,0,0,0,,0,838,"WABASH AV","UNIVERSITY AV",0.00,,Y,A,-,N,,,,,,,,,,N,3,0,1,2,A,-,12,21453,A,N,G,G,A,A,H,-,C,A,0,,Y,,,Y,,L,04,0,1,0,0,0,0,1,0,0,-,-,,,"SAN DIEGO","SAN DIEGO",-117.12080012,32.74920001
8748017,2018,2019-01-25,3711,2018-11-23,1731,8447,,5,5,7,3711,0,0,0,,0,712,"DAIRY MART RD","SAN YSIDRO BL",528.00,N,N,A,-,N,,,,,,,,,,N,4,0,1,2,A,-,21,22106,,N,D,G,A,A,H,-,C,D,0,,Y,,,Y,,-,,0,0,1,0,0,0,1,0,0,-,-,,,"SAN DIEGO","SAN DIEGO",-117.06243864,32.56107595
8747999,2018,2019-01-29,3711,2018-11-26,1603,7163,,1,5,7,3711,0,0,0,,0,813,"FLORIDA CT","UNIVERSITY AV",0.00,,Y,A,-,N,,,,,,,,,,N,4,0,1,2,A,-,08,22107,,M,D,G,A,A,E,-,A,A,0,,Y,,,Y,,-,,0,0,1,0,0,0,1,0,0,-,-,,,"SAN DIEGO","SAN DIEGO",-117.14372012,32.74844007
8747991,2018,2019-01-29,3711,2018-11-20,0557,7796,NORTH,2,5,7,3711,0,0,0,,0,122,"SOLEDAD MOUNTAIN RD","BERYL WY",425.00,N,N,A,-,N,,,,,,,,,,N,4,0,1,2,A,-,08,22107,,N,B,G,A,A,H,-,B,D,0,,Y,,,Y,,L,04,0,0,1,0,0,0,1,0,0,-,-,,,"SAN DIEGO","SAN DIEGO",-117.22811262,32.80811544
8747964,2018,2019-01-24,3711,2018-11-23,1830,7187,,5,5,7,3711,0,0,0,,0,832,"ORANGE AV",43RD,2.00,E,N,A,-,N,,,,,,,,,,N,4,0,1,2,A,-,05,21650,1,N,B,G,A,A,H,-,D,A,0,,Y,,,Y,,L,04,0,0,1,0,0,0,1,0,0,-,-,,,"SAN DIEGO","SAN DIEGO",-117.10192352,32.75317
8747956,2018,2019-01-24,3711,2018-11-15,0715,6915,,4,5,7,3711,0,0,0,,0,517,"B ST","19TH ST",34.00,E,N,A,-,N,,,,,,,,,,N,3,0,1,1,A,-,03,22350,,N,E,A,A,A,A,-,A,A,0,,Y,,,Y,,L,04,0,1,0,0,0,0,1,0,0,-,-,,,"SAN DIEGO","SAN DIEGO",-117.14665988,32.71787298
8747944,2018,2019-02-20,3711,2018-11-14,1700,5842,,3,5,7,3711,0,0,0,,0,931,"LUSK BL","LUSK BL 7300",0.00,,Y,A,-,N,,,,,,,,,,N,3,0,1,2,A,-,08,22107,,N,D,G,A,A,H,-,C,A,0,,Y,,,Y,,-,,0,1,0,0,0,0,1,0,0,-,-,,,"SAN DIEGO","SAN DIEGO",,
8747940,2018,2019-02-15,3711,2018-11-08,1419,7255,SD,4,5,7,3711,0,0,0,,0,611,"SPORTS ARENA BL","RT 8",95.00,S,N,A,-,Y,SD,11,8,-,L,1.460,R,4,W,N,2,0,1,1,A,-,03,22350,,N,E,J,A,A,G,-,A,D,0,,Y,,,Y,,L,04,1,0,0,0,0,0,1,0,0,-,-,,,"SAN DIEGO","SAN DIEGO",-117.21977705,32.75741742
8747936,2018,2019-01-24,3711,2018-11-19,1131,7806,,1,5,7,3711,0,0,0,,0,445,"EUCLID AV","HILLTOP DR",195.00,S,N,A,-,N,,,,,,,,,,N,3,0,1,3,A,-,11,21950,B,M,H,G,A,A,H,-,A,D,0,,Y,,,Y,,L,04,0,1,0,0,0,0,1,0,0,-,-,,,"SAN DIEGO","SAN DIEGO",-117.08502302,32.71446598
8747931,2018,2019-01-29,3711,2018-11-21,1315,6502,,3,5,7,3711,0,0,0,,0,524,"G ST","7TH AV",0.00,,Y,A,-,N,,,,,,,,,,N,3,0,1,2,A,-,03,22350,,N,D,G,A,A,H,-,A,A,0,,Y,Y,,Y,,C,03,0,1,0,0,0,0,1,0,0,-,-,,,"SAN DIEGO","SAN DIEGO",-117.15834001,32.71258002
8747928,2018,2019-01-24,3711,2018-11-08,0730,5498,,4,5,7,3711,0,0,0,,0,512,"SOUTH 30TH ST","WEBSTER AV",151.00,S,N,A,-,N,,,,,,,,,,N,4,0,1,2,A,-,09,21804,A,N,D,G,A,A,H,-,A,D,0,,Y,,,Y,,L,04,0,0,1,0,0,0,1,0,0,-,-,,,"SAN DIEGO","SAN DIEGO",-117.12952,32.70388637
8747329,2018,2019-02-04,3711,2018-11-07,1415,7547,,3,5,7,3711,0,0,0,,0,521,"G ST","PARK BL",0.00,,Y,A,-,N,,,,,,,,,,N,3,0,2,2,A,-,08,22107,,N,A,B,E,A,H,-,A,A,0,Y,Y,,,Y,,L,04,0,2,0,0,1,0,1,0,0,-,-,,,"SAN DIEGO","SAN DIEGO",-117.15376003,32.71261005
8746170,2018,2019-02-05,3711,2018-11-19,2225,7029,,1,5,7,3711,0,0,0,,0,813,"OHIO ST","EL CAJON BL",0.00,,Y,A,-,N,,,,,,,,,,N,4,0,1,2,A,-,00,21760,C,N,C,G,A,A,H,-,D,D,0,,Y,,,Y,,-,-,0,0,1,0,0,0,1,0,0,-,-,,,"SAN DIEGO","SAN DIEGO",-117.12893999,32.7554001
8745057,2018,2018-12-10,3711,2018-10-25,1135,6620,,4,5,7,3711,0,0,0,,0,933,"N TORREY PINES","CARMEL VALLEY",3100.00,S,N,A,-,N,,,,,,,,,,N,2,0,1,2,A,-,08,22107,,N,D,G,A,A,H,-,A,D,0,,Y,,,Y,,A,01,1,0,0,0,0,0,1,0,0,-,-,,,"SAN DIEGO","SAN DIEGO",-117.26123,32.93818
8744907,2018,2018-11-29,3711,2018-11-07,1440,7666,,3,5,7,3711,0,0,0,,0,124,"PEARL ST","GIRARD AV",15.00,E,N,A,-,N,,,,,,,,,,N,4,0,1,2,A,-,00,21450,,N,A,G,A,A,H,-,B,A,0,,Y,,,Y,,L,04,0,0,1,0,0,0,1,0,0,-,-,,,"SAN DIEGO","SAN DIEGO",-117.27245345,32.84052204
8744064,2018,2018-11-27,3711,2018-11-06,1715,7592,SD,2,5,7,3711,0,0,0,,0,115,"ATHENA CIR","HEALTH SCIENCES DR",0.00,,Y,A,-,N,,,,,,,,,,N,4,0,1,2,A,-,12,22450,A,N,D,G,A,A,H,-,C,D,0,,Y,,,Y,,L,04,0,0,1,0,0,0,1,0,0,-,-,,,"SAN DIEGO","SAN DIEGO",-117.21991011,32.87863007
8743552,2018,2018-12-27,3711,2018-10-20,0541,6702,,6,5,7,3711,0,0,0,,0,527,"PACIFIC HWY","WEST LAUREL ST",0.00,,Y,A,-,N,,,,,,,,,,N,2,0,1,2,A,-,12,21453,A,N,D,G,A,A,H,-,C,A,0,,Y,,,Y,,J,48,1,0,0,0,0,0,1,0,0,-,-,,,"SAN DIEGO","SAN DIEGO",-117.17371002,32.72951009
8741995,2018,2018-11-29,3711,2018-11-12,1640,7475,,1,5,7,3711,0,0,0,,0,434,"LEPPERT ST","VIEWCREST DR",336.00,W,N,A,-,N,,,,,,,,,,N,2,0,1,1,A,-,03,22350,,N,H,G,A,A,H,-,D,D,0,,Y,,,Y,,L,04,1,0,0,0,0,0,1,0,0,-,-,,,"SAN DIEGO","SAN DIEGO",-117.04355984,32.71442111
8741971,2018,2018-11-29,3711,2018-11-12,0926,7396,"SAN D",1,5,7,3711,0,0,0,,0,529,"6TH AV","GRAPE ST",18.00,N,N,A,-,N,,,,,,,,,,N,3,0,1,2,A,-,03,22350,,N,C,G,A,A,H,-,A,D,0,,Y,,,Y,,L,04,0,1,0,0,0,0,1,0,0,-,-,,,"SAN DIEGO","SAN DIEGO",-117.15942,32.72625931
8741967,2018,2018-11-29,3711,2018-11-03,1734,7186,3711,6,5,7,3711,0,0,0,,0,524,"KETTNER BL","KETTNER BL 1000",0.00,,-,A,-,N,,,,,,,,,,N,3,0,2,3,C,-,18,,,N,E,G,A,A,H,-,B,D,0,,Y,,,Y,,-,-,0,2,0,0,0,0,2,0,0,-,-,32.7168,-117.1692,"SAN DIEGO","SAN DIEGO",,
8741959,2018,2018-11-29,3711,2018-11-09,0745,6501,MC,5,5,7,3711,0,0,0,,0,811,"MEADE AV","32ND ST",10.00,W,N,A,-,N,,,,,,,,,,N,3,0,1,1,A,-,17,22109,,N,E,I,A,A,H,-,A,D,0,,Y,,,Y,,L,04,0,1,0,0,0,0,1,0,0,-,-,,,"SAN DIEGO","SAN DIEGO",-117.12506242,32.75723
8741955,2018,2018-11-29,3711,2018-11-09,1713,7576,,5,5,7,3711,0,0,0,,0,612,"EVERGREEN ST","ROSECRANS ST",0.00,,Y,A,-,N,,,,,,,,,,N,3,0,1,2,A,-,09,21801,,N,A,G,A,A,H,-,C,A,0,,Y,,,Y,,D,22,0,1,0,0,0,0,1,0,0,-,-,,,"SAN DIEGO","SAN DIEGO",-117.20935009,32.74718008
8741157,2018,2018-11-28,3711,2018-11-06,0829,7404,,2,5,7,3711,0,0,0,,0,611,"SPORTS ARENA BL","OLLIE ST",0.00,,Y,A,-,N,,,,,,,,,,N,3,0,1,2,A,-,05,21650,1,N,D,G,A,A,H,-,A,-,0,,Y,,,Y,,L,04,0,1,0,0,0,0,1,0,0,-,-,,,"SAN DIEGO","SAN DIEGO",-117.22192004,32.75626009