CASE_ID,ACCIDENT_YEAR,PROC_DATE,JURIS,COLLISION_DATE,COLLISION_TIME,OFFICER_ID,REPORTING_DISTRICT,DAY_OF_WEEK,CHP_SHIFT,POPULATION,CNTY_CITY_LOC,SPECIAL_COND,BEAT_TYPE,CHP_BEAT_TYPE,CITY_DIVISION_LAPD,CHP_BEAT_CLASS,BEAT_NUMBER,PRIMARY_RD,SECONDARY_RD,DISTANCE,DIRECTION,INTERSECTION,WEATHER_1,WEATHER_2,STATE_HWY_IND,CALTRANS_COUNTY,CALTRANS_DISTRICT,STATE_ROUTE,ROUTE_SUFFIX,POSTMILE_PREFIX,POSTMILE,LOCATION_TYPE,RAMP_INTERSECTION,SIDE_OF_HWY,TOW_AWAY,COLLISION_SEVERITY,NUMBER_KILLED,NUMBER_INJURED,PARTY_COUNT,PRIMARY_COLL_FACTOR,PCF_CODE_OF_VIOL,PCF_VIOL_CATEGORY,PCF_VIOLATION,PCF_VIOL_SUBSECTION,HIT_AND_RUN,TYPE_OF_COLLISION,MVIW,PED_ACTION,ROAD_SURFACE,ROAD_COND_1,ROAD_COND_2,LIGHTING,CONTROL_DEVICE,CHP_ROAD_TYPE,PEDESTRIAN_ACCIDENT,BICYCLE_ACCIDENT,MOTORCYCLE_ACCIDENT,TRUCK_ACCIDENT,NOT_PRIVATE_PROPERTY,ALCOHOL_INVOLVED,STWD_VEHTYPE_AT_FAULT,CHP_VEHTYPE_AT_FAULT,COUNT_SEVERE_INJ,COUNT_VISIBLE_INJ,COUNT_COMPLAINT_PAIN,COUNT_PED_KILLED,COUNT_PED_INJURED,COUNT_BICYCLIST_KILLED,COUNT_BICYCLIST_INJURED,COUNT_MC_KILLED,COUNT_MC_INJURED,PRIMARY_RAMP,SECONDARY_RAMP,LATITUDE,LONGITUDE,COUNTY,CITY,POINT_X,POINT_Y
7000658,2015,2015-07-28,3711,2015-07-11,1740,6979,3711,6,5,7,3711,0,0,0,,0,121,"MISSION BL",VENTURA,20.00,E,N,A,-,N,,,,,,,,,,N,3,0,1,2,A,-,03,22350,,M,D,G,A,A,H,-,A,A,0,,Y,,,Y,,-,99,0,1,0,0,0,0,1,0,0,-,-,,,"SAN DIEGO","SAN DIEGO",-117.25121772,32.77198524
7000650,2015,2016-07-19,3711,2015-07-03,1520,6495,SD,5,5,7,3711,0,0,0,,0,834,"UNIVERSITY AV","UNIVERSITY AV 4300",0.00,,-,A,-,N,,,,,,,,,,N,4,0,1,2,C,-,18,,,N,H,G,A,A,H,-,A,A,0,,Y,,,Y,,-,-,0,0,1,0,0,0,1,0,0,-,-,,,"SAN DIEGO","SAN DIEGO",,
7000642,2015,2015-07-28,3711,2015-07-08,1650,6513,,3,5,7,3711,0,0,0,,0,621,"LINDA VISTA RD","ULRIC ST",743.00,N,N,A,-,N,,,,,,,,,,N,3,0,1,2,A,-,09,21804,A,N,D,G,A,A,H,-,A,A,0,,Y,,,Y,,L,04,0,1,0,0,0,0,1,0,0,-,-,,,"SAN DIEGO","SAN DIEGO",-117.16916778,32.78827042
6996690,2015,2015-08-12,3711,2015-04-18,1121,6671,,6,5,7,3711,0,0,0,,0,122,"GRAND AV","INGRAHAM ST",12.00,E,N,A,-,N,,,,,,,,,,N,4,0,1,2,A,-,-,,,N,D,G,A,A,H,-,A,A,0,,Y,,,Y,,L,04,0,0,1,0,0,0,1,0,0,-,-,,,"SAN DIEGO","SAN DIEGO",-117.24024239,32.79793846
6995948,2015,2015-08-04,3711,2015-07-20,0005,6614,,1,5,7,3711,0,0,0,,0,121,"BAYSIDE LN","LIDO CT",63.00,S,N,A,-,N,,,,,,,,,,N,3,0,1,1,A,-,03,22350,,N,E,I,A,B,A,B,C,D,0,,Y,,,Y,Y,L,04,0,1,0,0,0,0,1,0,0,-,-,,,"SAN DIEGO","SAN DIEGO",-117.2518486,32.77660295
6995802,2015,2015-08-10,3711,2015-07-08,1233,6418,,3,5,7,3711,0,0,0,,0,123,"BAYSIDE WALK","MANHATTAN CT",40.00,S,N,A,-,N,,,,,,,,,,N,3,0,1,2,A,-,08,22107,,N,A,G,A,A,H,-,A,D,0,,Y,,,Y,,L,04,0,1,0,0,0,0,1,0,0,-,-,,,"SAN DIEGO","SAN DIEGO",-117.25169765,32.77770091
6995798,2015,2015-08-10,3711,2015-07-09,1500,6874,,4,5,7,3711,0,0,0,,0,521,BROADWAY,"PARK BL",27.00,W,N,A,-,N,,,,,,,,,,N,4,0,1,2,A,-,-,,,M,G,-,B,A,H,-,A,A,0,Y,Y,,,Y,,L,04,0,0,1,0,1,0,0,0,0,-,-,,,"SAN DIEGO","SAN DIEGO",-117.15385749,32.71574
6995794,2015,2015-08-17,3711,2015-07-09,1834,5232,,4,5,7,3711,0,0,0,,0,327,"BAJA DR","CAMPANILE DR",9.00,E,N,A,-,N,,,,,,,,,,N,4,0,1,1,A,-,03,22350,,N,H,-,A,A,H,-,A,D,0,,Y,,,Y,,-,-,0,0,1,0,0,0,1,0,0,-,-,,,"SAN DIEGO","SAN DIEGO",-117.07169082,32.76632
6995762,2015,2015-08-10,3711,2015-07-04,1040,7168,,6,5,7,3711,0,0,0,,0,241,"SCRIPPS RANCH BL","10600 SCRIPPS RANCH BL",27.00,S,N,B,-,N,,,,,,,,,,N,2,0,1,1,A,-,05,21651,A,N,F,A,A,A,A,-,A,D,0,,Y,,,Y,,L,04,1,0,0,0,0,0,1,0,0,-,-,,,"SAN DIEGO","SAN DIEGO",,
6994671,2015,2015-08-29,3711,2015-07-20,1710,7314,,1,5,7,3711,0,0,0,,0,437,"PARADISE ST","BRIARWOOD RD",14.00,S,N,A,-,N,,,,,,,,,,N,3,0,1,2,A,-,11,21456,B,N,H,G,A,A,H,-,A,A,0,,Y,,,Y,,L,04,0,1,0,0,0,0,1,0,0,-,-,,,"SAN DIEGO","SAN DIEGO",,
6994646,2015,2015-08-07,3711,2015-07-20,0914,5485,,1,5,7,3711,0,0,0,,0,721,"SATURN BL","PALM AV",214.00,N,N,A,-,N,,,,,,,,,,N,4,0,1,2,A,-,05,21650,1,N,-,G,A,A,H,-,A,D,0,,Y,,,Y,,L,04,0,0,1,0,0,0,1,0,0,-,-,,,"SAN DIEGO","SAN DIEGO",-117.0926,32.5843244
6994451,2015,2015-08-29,3711,2015-07-17,1140,6704,,5,5,7,3711,0,0,0,,0,627,"UNIVERSITY AV","8TH AV",0.00,,Y,A,-,N,,,,,,,,,,N,4,0,1,2,A,-,-,,,N,B,G,A,A,H,-,A,A,0,,Y,,,Y,,L,04,0,0,1,0,0,0,1,0,0,-,-,,,"SAN DIEGO","SAN DIEGO",-117.15742009,32.74839009
6994202,2015,2015-08-17,3711,2015-07-21,1840,6104,,2,5,7,3711,0,0,0,,0,611,"ROSECRANS ST","MIDWAY DR",360.00,N,N,A,-,N,,,,,,,,,,N,4,0,1,2,A,-,05,21650,1,N,D,G,A,A,H,-,A,D,0,,Y,,,Y,,L,04,0,0,1,0,0,0,1,0,0,-,-,,,"SAN DIEGO","SAN DIEGO",-117.20550674,32.75051139
6993511,2015,2015-07-30,3711,2015-06-26,2110,7008,SANDI,5,5,7,3711,0,0,0,,0,833,"LANDIS ST","FAIRMOUNT AV",0.00,,Y,A,-,N,,,,,,,,,,N,3,0,1,2,A,-,09,21801,A,M,D,G,A,A,H,-,C,A,0,,Y,,,Y,,-,,0,1,0,0,0,0,1,0,0,-,-,,,"SAN DIEGO","SAN DIEGO",-117.10094012,32.74587003
6993258,2015,2015-08-05,3711,2015-07-20,0625,6040,3711,1,5,7,3711,0,0,0,,0,813,"FLORIDA ST",FLORIDA,0.00,,Y,-,-,N,,,,,,,,,,N,4,0,1,2,A,-,12,22450,A,N,D,G,A,A,H,-,A,-,0,,Y,,,Y,,L,04,0,0,1,0,0,0,1,0,0,-,-,,,"SAN DIEGO","SAN DIEGO",-117.14379009,32.76246003
6989739,2015,2015-07-18,3711,2015-07-04,1920,6304,,6,5,7,3711,0,0,0,,0,122,"GARNET AV","GARNET AV 1200",0.00,,-,F,-,N,,,,,,,,,,N,4,0,1,3,A,-,05,21650,1,M,A,G,A,A,G,-,A,D,0,,Y,,,Y,Y,L,04,0,0,1,0,0,0,1,0,0,-,-,,,"SAN DIEGO","SAN DIEGO",,
6989727,2015,2015-07-18,3711,2015-07-04,0140,6741,"SAN D",6,5,7,3711,0,0,0,,0,524,"A ST","4TH AV",0.00,,Y,A,-,N,,,,,,,,,,Y,3,0,1,2,A,-,12,21453,A,N,D,G,A,A,H,-,C,A,0,,Y,,,Y,,L,04,0,1,0,0,0,0,1,0,0,-,-,,,"SAN DIEGO","SAN DIEGO",-117.16110013,32.71885009
6989719,2015,2015-07-18,3711,2015-07-01,0655,7309,,3,5,7,3711,0,0,0,,0,832,"COPELAND AV","EL CAJON BL",0.00,,Y,B,-,N,,,,,,,,,,N,4,0,1,2,A,-,11,21456,B,N,H,G,A,A,H,-,A,A,0,,Y,,,Y,,L,04,0,0,1,0,0,0,1,0,0,-,-,,,"SAN DIEGO","SAN DIEGO",-117.10404003,32.75521006
6989507,2015,2015-07-18,3711,2015-06-29,0100,7298,,1,5,7,3711,0,0,0,,0,447,"HOME AV",FAIRMOUNT,2.00,W,N,A,-,N,,,,,,,,,,Y,3,0,1,2,A,-,12,21453,A,N,D,G,A,A,H,-,C,A,0,,Y,,,Y,,L,04,0,1,0,0,0,0,1,0,0,-,-,,,"SAN DIEGO","SAN DIEGO",-117.09974545,32.72887703
6989464,2015,2016-11-22,3711,2015-06-30,1210,4421,,2,5,7,3711,0,0,0,,0,933,"DEL MAR HEIGHTS RD","RT 5",0.00,,Y,B,-,Y,SD,11,5,-,R,33.891,R,4,S,N,3,0,1,2,A,-,17,21208,A,N,D,G,A,A,H,-,A,A,0,,Y,,,Y,,L,04,0,1,0,0,0,0,1,0,0,-,SO,,,"SAN DIEGO","SAN DIEGO",-117.24320449,32.94644542
6989444,2015,2015-07-18,3711,2015-06-29,1209,7251,,1,5,7,3711,0,0,0,,0,242,"MIRA MESA BL","TARGET CENTER DRWY",8.00,E,N,B,-,N,,,,,,,,,,N,4,0,1,2,A,-,08,22107,,M,D,-,A,A,H,-,A,A,0,,Y,,,Y,,-,,0,0,1,0,0,0,1,0,0,-,-,,,"SAN DIEGO","SAN DIEGO",,
6986970,2015,2017-01-28,3711,2015-05-19,1455,4823,SANDI,2,5,7,3711,0,0,0,,0,,"4TH AV","ASH ST",103.00,N,N,A,-,N,,,,,,,,,,N,3,0,1,2,A,-,08,22107,,N,B,E,A,A,D,-,A,A,0,,Y,,,Y,,L,04,0,1,0,0,0,0,1,0,0,-,-,,,"SAN DIEGO","SAN DIEGO",-117.1611383,32.72017207
6982553,2015,2017-01-26,3711,2015-07-02,1425,5384,,4,5,7,3711,0,0,0,,0,723,"RT 905","BEYER BL",0.00,,Y,A,-,Y,SD,11,905,-,-,3.994,R,1,W,N,4,0,1,2,A,-,21,22106,,N,D,G,A,A,H,-,A,A,0,,Y,,,Y,,-,,0,0,1,0,0,0,1,0,0,-,-,,,"SAN DIEGO","SAN DIEGO",-117.06043117,32.56850306
6982549,2015,2015-07-18,3711,2015-07-04,1036,5061,,6,5,7,3711,0,0,0,,0,932,"VEREDA MAR DE PONDEROSA","VEREDA MDP",70.00,E,N,B,-,N,,,,,,,,,,N,3,0,2,2,A,-,08,22107,,N,A,G,A,A,H,-,A,D,0,,Y,,,Y,,L,04,0,1,1,0,0,0,2,0,0,-,-,,,"SAN DIEGO","SAN DIEGO",,
6981234,2015,2015-07-10,3711,2015-05-21,1830,7067,,4,5,7,3711,0,0,0,,0,627,"ROBINSON AV",5TH,15.00,E,N,A,-,N,,,,,,,,,,N,4,0,1,2,A,-,08,22107,,N,B,G,A,A,H,-,A,A,0,,Y,,,Y,,L,04,0,0,1,0,0,0,1,0,0,-,-,,,"SAN DIEGO","SAN DIEGO",-117.16036138,32.74693945
6980256,2015,2015-07-21,3711,2015-06-11,0724,6718,,4,5,7,3711,0,0,0,,0,233,"CARMEL MOUNTAIN RD","CAM BOLSA",12.00,S,N,A,-,N,,,,,,,,,,N,3,0,1,2,A,-,05,21650,1,N,D,G,A,A,H,-,A,D,0,,Y,,,Y,,L,04,0,1,0,0,0,0,1,0,0,-,-,,,"SAN DIEGO","SAN DIEGO",,
6979799,2015,2015-07-13,3711,2015-05-25,1445,HB5550,,1,5,7,3711,0,0,0,,0,503,"NORTH HARBOR DR","WINSHIP LN",134.00,W,N,B,-,N,,,,,,,,,,N,2,0,1,1,B,-,22,,,N,F,A,A,A,H,-,A,A,0,,Y,,,Y,,L,04,1,0,0,0,0,0,1,0,0,-,-,,,"SAN DIEGO","SAN DIEGO",-117.1914038,32.7299569
6978943,2015,2016-11-17,3711,2015-06-18,1809,5046,,4,5,7,3711,0,0,0,,0,531,"6TH AV","ELM ST",11.00,N,N,A,-,Y,SD,11,5,-,R,16.145,R,4,N,N,3,0,1,2,A,-,08,22107,,N,D,G,A,A,H,-,A,A,0,,Y,,,Y,,A,01,0,1,0,0,0,0,1,0,0,-,-,,,"SAN DIEGO","SAN DIEGO",-117.1567565,32.72405252
6978938,2015,2015-07-07,3711,2015-06-18,1943,6393,,4,5,7,3711,0,0,0,,0,121,"OCEAN FRONT WALK","ISTHMUS CT",0.00,,Y,A,-,N,,,,,,,,,,N,3,0,1,1,A,-,08,22107,,N,E,I,A,A,H,-,A,D,0,,Y,,,Y,,L,04,0,1,0,0,0,0,1,0,0,-,-,32.77305,-117.25304,"SAN DIEGO","SAN DIEGO",-117.25297001,32.77307003
6978874,2015,2015-07-09,3711,2015-06-20,0913,7284,,6,5,7,3711,0,0,0,,0,435,"MALLARD ST","LACONIA ST",15.00,W,N,A,-,N,,,,,,,,,,N,2,0,1,1,A,-,03,22350,,N,H,J,A,A,H,-,A,D,0,,Y,,,Y,,L,04,1,0,0,0,0,0,1,0,0,-,-,,,"SAN DIEGO","SAN DIEGO",-117.05201859,32.72962904
6978560,2015,2015-07-13,3711,2015-06-28,1143,6082,,7,5,7,3711,0,0,0,,0,124,"PROSPECT ST","JENNER ST",18.00,W,N,B,-,N,,,,,,,,,,N,4,0,1,2,A,-,09,21802,A,N,D,G,A,A,H,-,A,D,0,,Y,,,Y,,-,,0,0,1,0,0,0,1,0,0,-,-,,,"SAN DIEGO","SAN DIEGO",-117.27511973,32.84692137
6978423,2015,2015-07-15,3711,2015-06-22,0933,5838,,1,5,7,3711,0,0,0,,0,315,"TEXAS ST","CAMINO DEL RIO SOUTH",0.00,,Y,A,-,N,,,,,,,,,,N,4,0,1,2,A,-,08,21717,,N,D,G,A,A,H,-,A,A,0,,Y,,,Y,,A,01,0,0,1,0,0,0,1,0,0,-,-,,,"SAN DIEGO","SAN DIEGO",-117.13927009,32.76730008
6978053,2015,2015-07-07,3711,2015-06-11,1812,4965,SANDI,4,5,7,3711,0,0,0,,0,122,"SOLEDAD MOUNTAIN RD","BERYL ST",0.00,S,N,A,-,N,,,,,,,,,,N,3,0,1,2,A,-,08,22100,A,N,D,G,A,A,H,-,A,A,0,,Y,,,Y,,-,,0,1,0,0,0,0,1,0,0,-,-,,,"SAN DIEGO","SAN DIEGO",-117.23019005,32.8091201
6976189,2015,2015-07-10,3711,2015-06-07,1610,6063,,7,5,7,3711,0,0,0,,0,124,"NEPTUNE PL","PALOMAR AV",17.00,N,N,B,-,N,,,,,,,,,,N,3,0,1,1,A,-,03,22350,A,N,H,-,A,A,H,-,A,D,0,,Y,,,Y,Y,-,-,0,1,0,0,0,0,1,0,0,-,-,,,"SAN DIEGO","SAN DIEGO",-117.27943289,32.82628322
6976169,2015,2015-07-10,3711,2015-06-13,1900,7005,,6,5,7,3711,0,0,0,,0,521,"7TH ST","ISLAND ST",0.00,,Y,A,-,N,,,,,,,,,,N,4,0,1,1,A,-,03,22350,,N,H,A,A,A,H,-,B,D,0,,Y,,,Y,Y,L,04,0,0,1,0,0,0,1,0,0,-,-,,,"SAN DIEGO","SAN DIEGO",-117.15834009,32.7104401
6976165,2015,2015-07-10,3711,2015-06-11,1143,6251,,4,5,7,3711,0,0,0,,0,122,"FANUEL ST","GRAND AV",130.00,S,N,B,-,N,,,,,,,,,,N,3,0,1,1,A,-,03,22350,A,N,H,-,A,A,H,-,A,A,0,,Y,,,Y,,-,-,0,1,0,0,0,0,1,0,0,-,-,,,"SAN DIEGO","SAN DIEGO",-117.24568716,32.7963769
6976010,2015,2015-08-06,3711,2015-06-26,2321,7293,,5,5,7,3711,0,0,0,,0,122,"GRAND AV",JEWELL,75.00,E,N,A,-,N,,,,,,,,,,N,3,0,1,2,A,-,05,21202,A,N,B,G,A,A,H,-,C,D,0,,Y,,,Y,,-,-,0,1,0,0,0,0,1,0,0,-,-,,,"SAN DIEGO","SAN DIEGO",-117.2381838,32.79839921
6975664,2015,2015-07-08,3711,2015-06-23,1433,6896,,2,5,7,3711,0,0,0,,0,838,"33RD ST","EL CAJON BL",5.00,S,N,A,-,N,,,,,,,,,,N,3,0,1,2,A,-,11,21456,B,N,D,G,A,A,H,-,A,A,0,,Y,,,Y,,L,04,0,1,0,0,0,0,1,0,0,-,-,,,"SAN DIEGO","SAN DIEGO",-117.12223,32.7551963
6975637,2015,2015-07-06,3711,2015-06-20,1034,6082,,6,5,7,3711,0,0,0,,0,124,"LA JOLLA BL","SEA RIDGE DR",3.00,N,N,A,-,N,,,,,,,,,,N,3,0,1,2,A,-,10,21950,A,N,D,G,A,A,H,-,A,A,0,,Y,,,Y,,-,,0,1,0,0,0,0,1,0,0,-,-,,,"SAN DIEGO","SAN DIEGO",-117.26455713,32.8093256
6975574,2015,2015-07-09,3711,2015-06-23,1401,4823,SANDI,2,5,7,3711,0,0,0,,0,811,"ADAMS AV","MANSFIELD ST",0.00,,Y,A,-,N,,,,,,,,,,N,3,0,1,2,A,-,08,22107,,N,D,G,A,A,H,-,A,A,0,,Y,,,Y,,L,04,0,1,0,0,0,0,1,0,0,-,-,,,"SAN DIEGO","SAN DIEGO",-117.11838011,32.76334003
6970259,2015,2015-07-09,3711,2015-06-13,1145,7290,,6,5,7,3711,0,0,0,,0,312,"RUEDA DR","PALABRA CT",528.00,S,N,B,-,N,,,,,,,,,,N,4,0,1,1,A,-,03,22350,,N,A,-,A,A,H,-,A,D,0,,Y,,,Y,,L,04,0,0,1,0,0,0,1,0,0,-,-,,,"SAN DIEGO","SAN DIEGO",-117.08209573,32.82244748
6970226,2015,2015-07-07,3711,2015-06-16,1036,6978,SANDI,2,5,7,3711,0,0,0,,0,121,"OCEAN FRONT WALK","SANTA BARBARA PL",10.00,N,N,B,-,N,,,,,,,,,,,3,0,1,2,D,-,00,,,N,A,B,-,A,H,-,A,D,0,Y,Y,,,Y,,-,-,0,1,0,0,1,0,0,0,0,-,-,,,"SAN DIEGO","SAN DIEGO",-117.25302158,32.77416736
6970210,2015,2015-07-07,3711,2015-06-16,1755,4051,,2,5,7,3711,0,0,0,,0,814,"W MOUNTAIN VIEW DR","COLLIER AV",24.00,S,N,A,-,N,,,,,,,,,,N,3,0,1,2,A,-,17,22517,,N,-,G,A,A,H,-,A,D,0,,Y,,,Y,,-,,0,1,0,0,0,0,1,0,0,-,-,,,"SAN DIEGO","SAN DIEGO",-117.12620608,32.76540568
6967486,2015,2015-07-02,3711,2015-06-10,1751,6909,,3,5,7,3711,0,0,0,,0,931,"CAMINO SANTA FE","COMMERCE AV",300.00,S,N,B,C,N,,,,,,,,,,N,3,0,1,1,C,-,18,,,N,H,A,A,B,H,-,A,D,0,,Y,,,Y,,-,-,0,1,0,0,0,0,1,0,0,-,-,,,"SAN DIEGO","SAN DIEGO",-117.16888065,32.88196803
6967418,2015,2015-07-03,3711,2015-06-12,0850,7291,,5,5,7,3711,0,0,0,,0,933,"DEL MAR HEIGHTS RD","NOB AV",3.00,S,N,B,-,N,,,,,,,,,,N,3,0,1,2,A,-,08,22107,,N,B,G,A,B,H,-,A,D,0,,Y,,,Y,,A,07,0,1,0,0,0,0,1,0,0,-,-,,,"SAN DIEGO","SAN DIEGO",-117.25970928,32.9484675
6966448,2015,2016-06-06,3711,2015-05-28,1835,7257,,4,5,7,3711,0,0,0,,0,826,"WEST ALY 4200 52ND ST","TROJAN AV",0.00,,Y,A,-,N,,,,,,,,,,N,3,0,1,2,A,-,09,21804,A,M,A,G,A,A,H,-,A,D,0,,Y,,,Y,,L,04,0,1,0,0,0,0,1,0,0,-,-,,,"SAN DIEGO","SAN DIEGO",,
6965918,2015,2015-07-15,3711,2015-06-14,1553,5491,SANDI,7,5,7,3711,0,0,0,,0,531,"PARK BL","MORLEY FIELD DR",21.00,N,N,B,-,N,,,,,,,,,,Y,3,0,1,3,A,-,04,21703,,N,H,G,A,A,H,-,A,A,0,,Y,,,Y,,-,,0,1,0,0,0,0,1,0,0,-,-,,,"SAN DIEGO","SAN DIEGO",-117.14742642,32.74027583
6965586,2015,2015-07-14,3711,2015-06-17,0749,6156,SD,3,5,7,3711,0,0,0,,0,115,GENESEE,"GENESEE AV",2.00,W,N,A,-,N,,,,,,,,,,N,4,0,1,2,A,-,09,21801,A,N,B,G,A,A,H,-,A,A,0,,Y,,,Y,,-,,0,0,1,0,0,0,1,0,0,-,-,,,"SAN DIEGO","SAN DIEGO",-117.24035,32.89174
6964441,2015,2015-07-10,3711,2015-06-04,1810,6223,N2,4,5,7,3711,0,0,0,,0,121,"OCEAN FRONT WALK","TANGIERS CT",3.00,S,N,B,-,N,,,,,,,,,,N,4,0,2,2,A,-,11,21954,A,N,H,B,D,A,H,-,A,D,0,Y,Y,,,Y,,N,60,0,0,2,0,1,0,1,0,0,-,-,,,"SAN DIEGO","SAN DIEGO",-117.25416828,32.78597191
6792076,2014,2015-03-07,3711,2014-12-25,1530,6167,SD,4,5,7,3711,0,0,0,,0,123,"EAST MISSION BAY DR","CLAIREMONT DR",0.00,,Y,A,-,N,,,,,,,,,,N,3,0,1,1,A,-,12,22450,A,N,F,A,A,A,A,-,B,D,0,,Y,,,Y,,L,04,0,1,0,0,0,0,1,0,0,-,-,,,"SAN DIEGO","SAN DIEGO",-117.20919011,32.79031005
6786075,2014,2015-02-18,3711,2014-12-30,0815,6930,,2,5,7,3711,0,0,0,,0,,"PACIFIC HWY","WEST BROADWAY",280.00,N,N,A,-,N,,,,,,,,,,N,3,0,1,2,A,-,08,22107,,N,H,G,A,A,H,-,A,D,0,,Y,,,Y,,-,-,0,1,0,0,0,0,1,0,0,-,-,,,"SAN DIEGO","SAN DIEGO",-117.17105,32.71655672
6960275,2015,2015-07-10,3711,2015-06-08,1137,6834,,1,5,7,3711,0,0,0,,0,934,"CARMEL VIEW RD","RUETTE ALLIANTE",30.00,E,N,A,-,N,,,,,,,,,,N,4,0,1,1,A,-,08,22107,,N,E,I,A,A,-,-,A,D,0,,Y,,,Y,,L,04,0,0,1,0,0,0,1,0,0,-,-,,,"SAN DIEGO","SAN DIEGO",-117.23499255,32.9441018
6960247,2015,2015-07-10,3711,2015-06-07,1305,7320,NE,7,5,7,3711,0,0,0,,0,,"BLACK MOUNTAIN RD","CAPRICORN WY",20.00,S,N,A,-,N,,,,,,,,,,N,3,0,1,1,A,-,03,22350,,N,H,-,A,A,H,-,A,A,0,,Y,,,Y,,L,04,0,1,0,0,0,0,1,0,0,-,-,,,"SAN DIEGO","SAN DIEGO",-117.12464188,32.92427614
6960229,2015,2015-07-14,3711,2015-06-07,1014,6978,SANDI,7,5,7,3711,0,0,0,,0,121,"MISSION BL","CORONADO CT",5.00,N,N,A,-,N,,,,,,,,,,N,4,0,1,2,A,-,03,22350,,N,H,G,A,A,H,-,A,D,0,,Y,,,Y,,L,04,0,0,1,0,0,0,1,0,0,-,-,,,"SAN DIEGO","SAN DIEGO",-117.25134,32.7645737
6784601,2014,2015-01-29,3711,2014-09-02,1827,6772,SANDI,2,5,7,3711,0,0,0,,0,831,"ORANGE AV","HIGHLAND AV",5.40,E,N,A,-,N,,,,,,,,,,N,3,0,1,1,A,-,08,22107,,N,H,A,A,A,H,-,A,A,0,,Y,,,Y,,-,-,0,1,0,0,0,0,1,0,0,-,-,,,"SAN DIEGO","SAN DIEGO",-117.0986725,32.75314017
6960225,2015,2015-07-08,3711,2015-06-04,0837,4849,,4,5,7,3711,0,0,0,,0,522,"W MARKET ST","FRONT ST",0.00,,Y,B,-,N,,,,,,,,,,N,4,0,1,2,A,-,05,21650,,N,D,G,A,A,H,-,A,A,0,,Y,,,Y,,L,04,0,0,1,0,0,0,1,0,0,-,-,,,"SAN DIEGO","SAN DIEGO",-117.16471004,32.7115
6960197,2015,2015-07-08,3711,2015-06-04,1247,6718,,4,5,7,3711,0,0,0,,0,242,"MIRA MESA BL","MARBURY AV",300.00,E,N,A,-,N,,,,,,,,,,N,4,0,1,2,A,-,05,21650,1,N,D,-,A,A,H,-,A,D,0,,Y,,,Y,,L,04,0,0,1,0,0,0,1,0,0,-,-,,,"SAN DIEGO","SAN DIEGO",-117.12909752,32.91661857
6960162,2015,2015-07-08,3711,2015-06-06,1936,7037,SANDI,6,5,7,3711,0,0,0,,0,614,"EBERS ST",NIAGARA,0.00,,Y,A,-,N,,,,,,,,,,N,2,0,1,2,A,-,12,22450,A,N,D,G,A,A,H,-,A,A,0,,Y,Y,,Y,,L,04,1,0,0,0,0,0,1,0,0,-,-,,,"SAN DIEGO","SAN DIEGO",-117.24660005,32.74282001
6960122,2015,2015-07-02,3711,2015-06-05,1805,6104,,5,5,7,3711,0,0,0,,0,613,"WORDEN ST","BOB ST",62.00,W,N,A,-,N,,,,,,,,,,N,4,0,1,2,A,-,08,22107,,N,B,G,A,A,H,-,A,D,0,,Y,,,Y,,-,,0,0,1,0,0,0,1,0,0,-,-,,,"SAN DIEGO","SAN DIEGO",-117.22474974,32.74970026
6781103,2014,2015-02-10,3711,2014-12-08,1515,5876,WESTE,1,5,7,3711,0,0,0,,0,611,"ROSECRANS ST","ROSECRANS ST 3350",0.00,,Y,A,-,N,,,,,,,,,,N,3,0,1,2,A,-,09,21804,A,N,-,G,A,A,H,-,A,A,0,,Y,,,Y,Y,L,04,0,1,0,0,0,0,1,0,0,-,-,,,"SAN DIEGO","SAN DIEGO",,
6955849,2015,2015-07-06,3711,2015-06-02,1619,4116,,2,5,7,3711,0,0,0,,0,312,"PORTOBELO DR","11300 PORTOBELO DR",0.00,,Y,A,-,N,,,,,,,,,,N,3,0,1,2,A,-,09,21804,A,N,D,G,A,A,H,-,A,D,0,,Y,,,Y,,-,,0,1,0,0,0,0,1,0,0,-,-,,,"SAN DIEGO","SAN DIEGO",,
6771117,2014,2015-02-10,3711,2014-12-29,0945,7077,"SAN D",1,5,7,3711,0,0,0,,0,243,"MIRAMAR RD","COMMERCE AV",528.00,E,N,A,-,N,,,,,,,,,,N,3,0,2,2,A,-,17,21461,A,N,E,A,A,A,G,-,A,D,0,,Y,,,Y,,L,04,0,2,0,0,0,0,2,0,0,-,-,,,"SAN DIEGO","SAN DIEGO",-117.16662865,32.87852053
6771050,2014,2015-02-10,3711,2014-12-26,0950,7212,,5,5,7,3711,0,0,0,,0,614,"SANTA MONICA AV","CABLE ST",130.00,E,N,A,-,N,,,,,,,,,,N,4,0,1,1,A,-,03,22350,,N,H,G,A,A,H,-,A,D,0,,Y,,,Y,,L,04,0,0,1,0,0,0,1,0,0,-,-,,,"SAN DIEGO","SAN DIEGO",-117.24825725,32.74643276
6767319,2014,2015-02-03,3711,2014-12-22,0835,7077,SANDI,1,5,7,3711,0,0,0,,0,,"CAMINO RUIZ","CAMINO RUIZ 10800",3.00,E,N,A,-,N,,,,,,,,,,N,3,0,1,2,A,-,12,21453,A,N,D,G,A,A,H,-,A,A,0,,Y,,,Y,,L,04,0,1,0,0,0,0,1,0,0,-,-,,,"SAN DIEGO","SAN DIEGO",,