CASE_ID,ACCIDENT_YEAR,PROC_DATE,JURIS,COLLISION_DATE,COLLISION_TIME,OFFICER_ID,REPORTING_DISTRICT,DAY_OF_WEEK,CHP_SHIFT,POPULATION,CNTY_CITY_LOC,SPECIAL_COND,BEAT_TYPE,CHP_BEAT_TYPE,CITY_DIVISION_LAPD,CHP_BEAT_CLASS,BEAT_NUMBER,PRIMARY_RD,SECONDARY_RD,DISTANCE,DIRECTION,INTERSECTION,WEATHER_1,WEATHER_2,STATE_HWY_IND,CALTRANS_COUNTY,CALTRANS_DISTRICT,STATE_ROUTE,ROUTE_SUFFIX,POSTMILE_PREFIX,POSTMILE,LOCATION_TYPE,RAMP_INTERSECTION,SIDE_OF_HWY,TOW_AWAY,COLLISION_SEVERITY,NUMBER_KILLED,NUMBER_INJURED,PARTY_COUNT,PRIMARY_COLL_FACTOR,PCF_CODE_OF_VIOL,PCF_VIOL_CATEGORY,PCF_VIOLATION,PCF_VIOL_SUBSECTION,HIT_AND_RUN,TYPE_OF_COLLISION,MVIW,PED_ACTION,ROAD_SURFACE,ROAD_COND_1,ROAD_COND_2,LIGHTING,CONTROL_DEVICE,CHP_ROAD_TYPE,PEDESTRIAN_ACCIDENT,BICYCLE_ACCIDENT,MOTORCYCLE_ACCIDENT,TRUCK_ACCIDENT,NOT_PRIVATE_PROPERTY,ALCOHOL_INVOLVED,STWD_VEHTYPE_AT_FAULT,CHP_VEHTYPE_AT_FAULT,COUNT_SEVERE_INJ,COUNT_VISIBLE_INJ,COUNT_COMPLAINT_PAIN,COUNT_PED_KILLED,COUNT_PED_INJURED,COUNT_BICYCLIST_KILLED,COUNT_BICYCLIST_INJURED,COUNT_MC_KILLED,COUNT_MC_INJURED,PRIMARY_RAMP,SECONDARY_RAMP,LATITUDE,LONGITUDE,COUNTY,CITY,POINT_X,POINT_Y
6601161,2014,2014-09-15,3711,2014-08-12,2000,5122,,2,5,7,3711,0,0,0,,0,437,"SKYLINE  DR","SYCHAR RD",0.00,,Y,A,-,N,,,,,,,,,,N,3,0,1,1,A,-,-,,,N,H,-,A,A,H,-,C,A,0,,Y,,,Y,,L,04,0,1,0,0,0,0,1,0,0,-,-,,,"SAN DIEGO","SAN DIEGO",-117.04289003,32.70332001
6601158,2014,2014-09-04,3711,2014-08-11,1647,6957,,1,5,7,3711,0,0,0,,0,,"EAST MISSION BAY DR","SEA WORLD DR",2640.00,N,N,B,-,N,,,,,,,,,,N,3,0,1,2,A,-,03,22350,,M,D,-,F,A,H,-,A,D,0,Y,Y,,,Y,,L,04,0,1,0,0,1,0,0,0,0,-,-,,,"SAN DIEGO","SAN DIEGO",-117.20829766,32.77350988
6600740,2014,2014-09-03,3711,2014-08-03,1220,6686,SD,7,5,7,3711,0,0,0,,0,813,"HOWARD AV","ARIZONA ST",0.00,,Y,A,-,N,,,,,,,,,,N,3,0,1,2,-,-,-,,,N,D,G,A,A,H,-,A,A,0,,Y,,,Y,Y,-,-,0,1,0,0,0,0,1,0,0,-,-,,,"SAN DIEGO","SAN DIEGO",-117.13759001,32.75404002
6595632,2014,2014-08-28,3711,2014-07-30,0744,6814,,3,5,7,3711,0,0,0,,0,524,"1ST AV","A ST",4.00,S,N,A,-,N,,,,,,,,,,N,4,0,1,2,A,-,17,21200,A,N,D,G,A,A,H,-,A,A,0,,Y,,,Y,,L,04,0,0,1,0,0,0,1,0,0,-,-,,,"SAN DIEGO","SAN DIEGO",-117.16384021,32.71881904
6595608,2014,2014-08-28,3711,2014-07-16,2040,5340,,3,5,7,3711,0,0,0,,0,114,"CLAIREMONT MESA BL","ROLFE RD",0.00,,Y,A,-,N,,,,,,,,,,N,3,0,1,2,A,-,12,21453,A,N,D,G,A,A,H,-,C,D,0,,Y,,,Y,,L,04,0,1,0,0,0,0,1,0,0,-,-,,,"SAN DIEGO","SAN DIEGO",-117.20245001,32.82832003
6595518,2014,2014-09-08,3711,2014-08-07,1600,6994,,4,5,7,3711,0,0,0,,0,442,"BOSTON AV","40TH ST",6.00,E,N,A,-,N,,,,,,,,,,N,4,0,1,2,A,-,09,21802,A,N,D,G,A,A,H,-,A,D,0,,Y,,,Y,Y,-,,0,0,1,0,0,0,1,0,0,-,-,,,"SAN DIEGO","SAN DIEGO",-117.10811057,32.6939303
6595502,2014,2014-09-25,3711,2014-08-05,1635,4892,,2,5,7,3711,0,0,0,,0,617,"CATALINA BL","GARDEN LN",105.00,S,N,A,-,N,,,,,,,,,,N,4,0,1,2,A,-,-,,,N,B,G,A,A,H,-,A,D,0,,Y,,,Y,,-,,0,0,1,0,0,0,1,0,0,-,-,,,"SAN DIEGO","SAN DIEGO",-117.24812,32.7134
6595501,2014,2014-09-08,3711,2014-08-04,0625,7052,SD,1,5,7,3711,0,0,0,,0,522,"WEST G ST","PACIFIC HWY",105.00,E,N,A,-,N,,,,,,,,,,N,4,0,1,2,A,-,05,21650,,N,A,G,A,A,H,-,A,D,0,,Y,,,Y,,L,04,0,0,1,0,0,0,1,0,0,-,-,,,"SAN DIEGO","SAN DIEGO",-117.17069979,32.71252362
6595486,2014,2014-09-25,3711,2014-08-06,1920,4759,,3,5,7,3711,0,0,0,,0,124,"LA JOLLA SCENIC","RUTGERS RD",0.00,,Y,B,-,N,,,,,,,,,,N,3,0,1,1,C,-,18,,,N,H,A,A,A,B,-,A,D,0,,Y,,,Y,,-,-,0,1,0,0,0,0,1,0,0,-,-,,,"SAN DIEGO","SAN DIEGO",-117.2553901,32.82427006
6592640,2014,2014-09-04,3711,2014-08-05,1800,6774,,2,5,7,3711,0,0,0,,0,615,"CANON ST","ROSECRANS ST",68.00,W,N,A,-,N,,,,,,,,,,N,4,0,1,2,A,-,08,22107,,N,D,G,A,A,H,-,A,D,0,,Y,,,Y,,-,,0,0,1,0,0,0,1,0,0,-,-,,,"SAN DIEGO","SAN DIEGO",-117.2320707,32.72163664
6592567,2014,2014-09-04,3711,2014-08-05,2210,7029,,2,5,7,3711,0,0,0,,0,827,UNIVERSITY,"52ND ST",210.00,E,N,A,-,N,,,,,,,,,,N,3,0,1,2,A,-,08,22107,,N,B,G,A,A,H,-,C,D,0,,Y,,,Y,,L,04,0,1,0,0,0,0,1,0,0,-,-,,,"SAN DIEGO","SAN DIEGO",-117.08290938,32.74909199
6589941,2014,2014-08-22,3711,2014-07-12,2337,5393,,6,5,7,3711,0,0,0,,0,813,"30TH ST","REDWOOD ST",170.00,N,N,A,-,N,,,,,,,,,,N,2,0,1,2,A,-,09,21801,A,N,D,G,A,A,H,-,D,D,0,,Y,,,Y,,A,01,1,0,0,0,0,0,1,0,0,-,-,,,"SAN DIEGO","SAN DIEGO",-117.12932,32.73788568
6589931,2014,2014-08-25,3711,2014-07-25,2050,4491,,5,5,7,3711,0,0,0,,0,517,"2000 B",21ST,47.00,W,N,A,-,N,,,,,,,,,,N,3,0,1,1,A,-,03,22350,,N,F,G,A,A,H,-,C,A,0,,Y,,,Y,,L,04,0,1,0,0,0,0,1,0,0,-,-,,,"SAN DIEGO","SAN DIEGO",-117.1451023,32.71788
6589929,2014,2014-08-22,3711,2014-07-18,1747,6956,,5,5,7,3711,0,0,0,,0,115,"EXECUTIVE DR","EXECUTIVE WY",0.00,,Y,A,-,N,,,,,,,,,,N,4,0,1,2,A,-,04,21703,,N,B,G,A,A,H,-,A,A,0,,Y,,,Y,,L,04,0,0,1,0,0,0,1,0,0,-,-,,,"SAN DIEGO","SAN DIEGO",-117.21014003,32.87560009
6589921,2014,2014-08-22,3711,2014-07-31,1936,7042,,4,5,7,3711,0,0,0,,0,627,WASHINGTON,RICHMOND,90.00,W,N,A,-,N,,,,,,,,,,N,3,0,1,2,A,-,08,22107,,N,-,G,A,A,H,-,A,D,0,,Y,,,Y,,A,01,0,1,0,0,0,0,1,0,0,-,-,,,"SAN DIEGO","SAN DIEGO",-117.15125813,32.75126362
6589758,2014,2016-01-05,3711,2014-08-08,0845,6776,SANDI,5,5,7,3711,0,0,0,,0,813,"GEORGIA ST","ROBINSON AV",36.00,N,N,B,-,N,,,,,,,,,,N,4,0,1,2,A,-,08,22107,,N,B,-,A,A,H,-,A,B,0,,Y,,,Y,,L,04,0,0,1,0,0,0,1,0,0,-,-,,,"SAN DIEGO","SAN DIEGO",-117.14495159,32.74654861
6589746,2014,2014-09-04,3711,2014-08-09,0850,7012,,6,5,7,3711,0,0,0,,0,934,"CARMEL COUNTRY RD","SAGAMORE WY",0.00,,Y,B,-,N,,,,,,,,,,N,3,0,1,2,A,-,03,22350,,N,H,G,A,A,H,-,A,D,0,,Y,,,Y,,L,04,0,1,0,0,0,0,1,0,0,-,-,,,"SAN DIEGO","SAN DIEGO",-117.20825008,32.93452004
6589721,2014,2014-09-04,3711,2014-08-01,1916,5972,,5,5,7,3711,0,0,0,,0,121,"BAYSIDE WALK","DEVON CT",0.00,,Y,A,-,N,,,,,,,,,,N,2,0,1,1,A,-,08,22107,,N,E,I,A,A,H,-,B,D,0,,Y,,,Y,Y,L,04,1,0,0,0,0,0,1,0,0,-,-,,,"SAN DIEGO","SAN DIEGO",-117.25003009,32.76619011
6589690,2014,2014-09-04,3711,2014-08-07,0045,4576,,4,5,7,3711,0,0,0,,0,835,"FAIRMOUNT AV","HOME AV",0.00,,Y,A,-,N,,,,,,,,,,N,3,0,1,1,A,-,12,21453,A,N,F,A,A,A,H,-,C,A,0,,Y,,,Y,,L,04,0,1,0,0,0,0,1,0,0,-,-,,,"SAN DIEGO","SAN DIEGO",-117.09974004,32.72888007
6589682,2014,2014-09-04,3711,2014-08-08,0827,6677,,5,5,7,3711,0,0,0,,0,124,"PROSPECT PL","CAVE ST",0.00,,Y,B,-,N,,,,,,,,,,N,4,0,1,2,A,-,08,22107,,N,D,G,A,A,H,-,A,D,0,,Y,,,Y,,-,,0,0,1,0,0,0,1,0,0,-,-,,,"SAN DIEGO","SAN DIEGO",-117.27040013,32.84846003
6588899,2014,2014-09-18,3711,2014-08-05,1131,5624,,2,5,7,3711,0,0,0,,0,713,"PASEO DE LAS AMERICAS","SIEMPRE VIVA",0.00,,Y,A,-,N,,,,,,,,,,N,3,0,1,2,A,-,17,21208,A,N,B,G,A,A,H,-,A,A,0,,Y,,Y,Y,,L,04,0,1,0,0,0,0,1,0,0,-,-,,,"SAN DIEGO","SAN DIEGO",-116.93592013,32.55689008
6587472,2014,2016-01-05,3711,2014-08-04,1442,6465,SD,1,5,7,3711,0,0,0,,0,315,"RIO SAN DIEGO","QUALCOMM WY",17.00,E,N,A,-,N,,,,,,,,,,,3,0,1,2,A,-,12,21453,A,N,H,G,A,A,H,-,A,A,0,,Y,,,Y,,L,04,0,1,0,0,0,0,1,0,0,-,-,,,"SAN DIEGO","SAN DIEGO",-117.14122636,32.77568073
6585811,2014,2014-09-23,3711,2014-07-27,1025,5787,,7,5,7,3711,0,0,0,,0,122,"SOLEDAD MOUNTAIN RD","FELSPAR ST",36.00,N,N,C,-,N,,,,,,,,,,N,3,0,1,1,A,-,03,22350,,N,H,-,A,D,G,-,A,D,0,,Y,,,Y,,L,04,0,1,0,0,0,0,1,0,0,-,-,,,"SAN DIEGO","SAN DIEGO",-117.22423336,32.80593452
6585775,2014,2014-08-19,3711,2014-07-23,2215,4576,,3,5,7,3711,0,0,0,,0,813,"UNIVERSITY AV","OREGON ST",0.00,,Y,A,-,N,,,,,,,,,,N,2,0,1,2,A,-,09,21801,A,N,D,G,A,A,H,-,C,D,0,,Y,,,Y,,A,08,1,0,0,0,0,0,1,0,0,-,-,,,"SAN DIEGO","SAN DIEGO",-117.13511004,32.74846007
6585767,2014,2014-08-19,3711,2014-07-19,2117,5972,,6,5,7,3711,0,0,0,,0,614,"CABLE ST","NARRAGANSETT AV",8.00,N,N,A,-,N,,,,,,,,,,N,2,0,2,2,A,-,11,21954,A,N,H,B,D,A,H,-,C,D,0,Y,Y,,,Y,,N,60,1,1,0,0,1,0,1,0,0,-,-,,,"SAN DIEGO","SAN DIEGO",-117.25072502,32.74413789
6585763,2014,2014-08-19,3711,2014-07-30,1149,6788,,3,5,7,3711,0,0,0,,0,311,"AERO DR","RUFFIN RD",69.00,S,N,A,-,N,,,,,,,,,,N,3,0,1,2,A,-,10,21950,A,N,D,G,A,A,H,-,A,A,0,,Y,,,Y,,-,,0,1,0,0,0,0,1,0,0,-,-,,,"SAN DIEGO","SAN DIEGO",-117.12974,32.80988
6585524,2014,2014-09-05,3711,2014-08-02,1519,5046,,6,5,7,3711,0,0,0,,0,524,"MARKET ST","7TH AV",63.00,W,N,C,-,N,,,,,,,,,,N,4,0,1,2,A,-,17,22517,,N,B,G,A,B,H,-,A,D,0,,Y,,,Y,,A,01,0,0,1,0,0,0,1,0,0,-,-,,,"SAN DIEGO","SAN DIEGO",-117.15853414,32.71151
6583964,2014,2014-08-18,3711,2014-07-26,1346,HB4132,,6,5,7,3711,0,0,0,,0,503,"NORTH HARBOR DR","COAST GUARD TAXIWAY",300.00,W,N,A,-,N,,,,,,,,,,N,3,0,2,2,C,-,18,,,N,A,G,A,-,H,-,A,D,0,,Y,,,Y,,-,-,0,1,1,0,0,0,2,0,0,-,-,,,"SAN DIEGO","SAN DIEGO",,
6583834,2014,2014-09-23,3711,2014-07-18,2135,6502,,5,5,7,3711,0,0,0,,0,122,"GARNET AV","JEWELL ST",0.00,,Y,A,-,N,,,,,,,,,,N,4,0,1,3,A,-,-,,,N,D,G,A,A,H,-,C,A,0,,Y,,,Y,,L,04,0,0,1,0,0,0,1,0,0,-,-,,,"SAN DIEGO","SAN DIEGO",-117.2389701,32.80020008
6582399,2014,2014-08-18,3711,2014-07-31,1756,4523,,4,5,7,3711,0,0,0,,0,124,"LA JOLLA SHORES DR","LA JOLLA SHORES LN",1056.00,E,N,A,-,N,,,,,,,,,,N,3,0,1,2,A,-,08,22107,,N,B,G,A,A,H,-,A,D,0,,Y,,,Y,,L,04,0,1,0,0,0,0,1,0,0,-,-,,,"SAN DIEGO","SAN DIEGO",-117.24912707,32.86911508
6582397,2014,2014-08-18,3711,2014-07-29,0534,4684,,2,5,7,3711,0,0,0,,0,314,"MISSION VILLAGE DR","RONDA RD",929.00,S,N,A,-,N,,,,,,,,,,N,3,0,1,1,A,-,03,22350,,N,F,J,A,A,B,-,C,D,0,,Y,,,Y,,L,04,0,1,0,0,0,0,1,0,0,-,-,,,"SAN DIEGO","SAN DIEGO",-117.12124448,32.79039669
6582395,2014,2014-08-20,3711,2014-07-16,1937,6461,SANDI,3,5,7,3711,0,0,0,,0,122,"LA JOLLA BL",TURQUOISE,4.00,W,N,A,-,N,,,,,,,,,,N,4,0,1,2,A,-,03,22350,,N,D,G,A,A,H,-,A,D,0,,Y,,,Y,,L,04,0,0,1,0,0,0,1,0,0,-,-,,,"SAN DIEGO","SAN DIEGO",-117.26239282,32.80801829
6582356,2014,2014-08-18,3711,2014-07-30,0751,4885,,3,5,7,3711,0,0,0,,0,243,"TRADE PL","DUNBROOK RD",114.00,S,N,A,-,N,,,,,,,,,,N,3,0,1,2,A,-,17,22517,,N,B,G,A,A,H,-,A,D,0,,Y,,,Y,,-,,0,1,0,0,0,0,1,0,0,-,-,,,"SAN DIEGO","SAN DIEGO",-117.15337551,32.89225775
6582352,2014,2014-08-18,3711,2014-07-30,0829,7050,,3,5,7,3711,0,0,0,,0,234,"BERNARDO CENTER DR","LOMICA DR",0.00,,Y,A,-,N,,,,,,,,,,N,3,0,1,2,A,-,08,22100,A,N,D,G,A,A,H,-,A,A,0,,Y,,,Y,,-,,0,1,0,0,0,0,1,0,0,-,-,,,"SAN DIEGO","SAN DIEGO",-117.07610009,33.0170401
6582344,2014,2014-08-18,3711,2014-07-08,0549,6526,,2,5,7,3711,0,0,0,,0,511,"HARBOR DR","HARBOR DR BRIDGE",250.00,E,N,A,-,N,,,,,,,,,,N,2,0,1,2,A,-,08,22107,,F,C,G,A,A,H,-,B,D,0,,Y,,,Y,,-,,1,0,0,0,0,0,1,0,0,-,-,,,"SAN DIEGO","SAN DIEGO",,
6582332,2014,2014-08-18,3711,2014-07-31,2100,5348,,4,5,7,3711,0,0,0,,0,516,MARKET,32ND,4.00,E,N,A,-,N,,,,,,,,,,N,3,0,1,2,A,-,05,21650,1,N,B,G,A,A,-,-,C,A,0,,Y,,,Y,,L,04,0,1,0,0,0,0,1,0,0,-,-,,,"SAN DIEGO","SAN DIEGO",-117.12525705,32.71167968
6582322,2014,2014-08-27,3711,2014-07-25,1845,7127,,5,5,7,3711,0,0,0,,0,111,"LIMERICK AV","CLAIREMONT MESA BL",12.00,N,N,A,-,N,,,,,,,,,,N,3,0,1,2,A,-,09,21801,A,N,A,G,A,A,H,-,A,D,0,,Y,,,Y,,A,01,0,1,0,0,0,0,1,0,0,-,-,,,"SAN DIEGO","SAN DIEGO",-117.17875854,32.83444285
6580712,2014,2014-09-08,3711,2014-07-24,1450,5348,,4,5,7,3711,0,0,0,,0,511,"NATIONAL AV","CESAR CHAVEZ",225.00,E,N,A,-,N,,,,,,,,,,N,4,0,1,2,A,-,05,21650,1,N,B,G,A,A,-,-,A,D,0,,Y,,,Y,,-,-,0,0,1,0,0,0,1,0,0,-,-,,,"SAN DIEGO","SAN DIEGO",,
6580702,2014,2014-09-03,3711,2014-07-01,1117,6830,,2,5,7,3711,0,0,0,,0,115,"BOTHE AV","CURRIE PL",60.00,W,N,A,-,N,,,,,,,,,,N,3,0,1,1,A,-,03,22350,,N,H,-,A,A,G,-,A,D,0,,Y,,,Y,,L,04,0,1,0,0,0,0,1,0,0,-,-,,,"SAN DIEGO","SAN DIEGO",-117.22625938,32.84095522
6580689,2014,2014-09-03,3711,2014-07-24,1735,6775,,4,5,7,3711,0,0,0,,0,623,"SEFTON PARK","HOTEL CIRCLE PL",528.00,W,N,A,-,N,,,,,,,,,,Y,3,0,1,2,A,-,09,21801,A,N,D,G,A,A,H,-,A,D,0,,Y,,,Y,,-,,0,1,0,0,0,0,1,0,0,-,-,,,"SAN DIEGO","SAN DIEGO",,
6580635,2014,2014-09-04,3711,2014-07-26,0952,6831,,6,5,7,3711,0,0,0,,0,725,"PALM AV","PALM AV 4600",180.00,E,N,A,-,N,,,,,,,,,,,4,0,1,2,A,-,08,22107,,N,D,G,A,A,H,-,A,D,0,,Y,,,Y,,-,-,0,0,1,0,0,0,1,0,0,-,-,,,"SAN DIEGO","SAN DIEGO",,
6580628,2014,2016-05-24,3711,2014-07-26,1139,5114,,6,5,7,3711,0,0,0,,0,233,"BLACK MOUNTAIN RD","RT 56",14.00,S,N,A,-,Y,SD,11,56,-,-,7.746,R,4,E,N,3,0,1,2,A,-,10,21950,C,N,A,G,A,A,H,-,A,A,0,,Y,,,Y,,-,,0,1,0,0,0,0,1,0,0,-,EO,,,"SAN DIEGO","SAN DIEGO",-117.12696768,32.95432034
6580622,2014,2014-09-03,3711,2014-07-20,1009,7061,,7,5,7,3711,0,0,0,,0,115,"GENESEE AV","APRIL CT",528.00,S,N,B,-,N,,,,,,,,,,N,4,0,1,2,A,-,09,21801,A,N,H,G,A,A,H,-,A,D,0,,Y,,,Y,,-,,0,0,1,0,0,0,1,0,0,-,-,,,"SAN DIEGO","SAN DIEGO",-117.20402733,32.84872425
6580619,2014,2014-09-02,3711,2014-07-24,1347,5197,,4,5,7,3711,0,0,0,,0,524,"C ST","8TH AV",30.00,W,N,A,-,N,,,,,,,,,,N,3,0,1,1,A,-,08,22107,,N,E,I,A,A,H,-,A,D,0,,Y,,,Y,,L,04,0,1,0,0,0,0,1,0,0,-,-,,,"SAN DIEGO","SAN DIEGO",-117.15752721,32.71676892
6580618,2014,2014-09-02,3711,2014-07-23,1341,6855,,3,5,7,3711,0,0,0,,0,611,"ROSECRANS ST","MIDWAY DR",200.00,N,N,A,-,N,,,,,,,,,,N,4,0,1,2,A,-,-,,,N,D,G,A,A,H,-,A,D,0,,Y,,,Y,,L,04,0,0,1,0,0,0,1,0,0,-,-,,,"SAN DIEGO","SAN DIEGO",-117.20579669,32.75014798
6580617,2014,2014-09-02,3711,2014-07-07,0830,3815,,1,5,7,3711,0,0,0,,0,140700,"MERCURY ST","ENGINEER RD",235.00,S,N,A,-,N,,,,,,,,,,N,3,0,1,1,C,-,18,,,N,H,A,A,A,A,-,A,D,0,,Y,,,Y,,-,-,0,1,0,0,0,0,1,0,0,-,-,,,"SAN DIEGO","SAN DIEGO",-117.1489,32.8241374
6580616,2014,2014-09-02,3711,2014-07-26,1342,6895,,6,5,7,3711,0,0,0,,0,813,"OREGON ST","UNIVERSITY AV",0.00,,Y,A,-,N,,,,,,,,,,N,3,0,1,1,A,-,03,22350,,N,H,A,A,A,A,-,A,D,0,,Y,,,Y,,L,04,0,1,0,0,0,0,1,0,0,-,-,,,"SAN DIEGO","SAN DIEGO",-117.13511004,32.74846007
6573165,2014,2014-08-29,3711,2014-07-17,1753,HB5247,,4,5,7,3711,0,0,0,,0,504,"NORTH HARBOR DR","N HARBOR DR 950",18.20,E,N,A,-,N,,,,,,,,,,N,3,0,1,2,A,-,08,22107,,N,D,G,A,A,H,-,A,D,0,,Y,,,Y,,A,01,0,1,0,0,0,0,1,0,0,-,-,,,"SAN DIEGO","SAN DIEGO",,
6573153,2014,2014-08-29,3711,2014-07-15,0825,HB3855,,2,5,7,3711,0,0,0,,0,504,"WEST HARBOR DR","WEST HARBOR DR 550",0.00,,N,A,-,N,,,,,,,,,,N,3,0,1,3,A,-,17,22517,,N,A,G,A,A,H,-,A,D,0,,Y,,,Y,,-,,0,1,0,0,0,0,1,0,0,-,-,,,"SAN DIEGO","SAN DIEGO",,
6572871,2014,2014-09-02,3711,2014-07-22,0730,4421,,2,5,7,3711,0,0,0,,0,935,"SAN DIEGUITO RD","SAN DIEGUITO RD 14150",45.00,W,N,A,-,N,,,,,,,,,,N,3,0,1,2,A,-,08,22107,,M,B,G,A,A,H,-,A,D,0,,Y,,,Y,,-,,0,1,0,0,0,0,1,0,0,-,-,,,"SAN DIEGO","SAN DIEGO",,
6572812,2014,2014-09-02,3711,2014-07-21,1920,4653,,1,5,7,3711,0,0,0,,0,315,"TEXAS ST","CAMINO DEL RIO S",101.00,S,N,B,-,N,,,,,,,,,,N,3,0,1,1,A,-,03,22350,,N,F,A,A,A,H,-,B,D,0,,Y,,,Y,,L,04,0,1,0,0,0,0,1,0,0,-,-,,,"SAN DIEGO","SAN DIEGO",-117.13917816,32.76703449
6572811,2014,2016-01-05,3711,2014-07-19,1350,4757,,6,5,7,3711,0,0,0,,0,529,"4TH AV","UPAS ST",36.00,N,N,B,-,N,,,,,,,,,,N,4,0,1,2,A,-,09,21801,A,N,D,G,A,A,H,-,A,D,0,,Y,,,Y,,-,,0,0,1,0,0,0,1,0,0,-,-,,,"SAN DIEGO","SAN DIEGO",-117.16127197,32.7408986
6570855,2014,2014-09-03,3711,2014-07-20,1114,5585,,7,5,7,3711,0,0,0,,0,614,"SUNSET CLIFFS BL","WEST POINT LOMA BL",108.00,E,N,A,-,N,,,,,,,,,,N,3,0,1,2,A,-,08,22107,,N,D,G,A,A,H,-,A,D,0,,Y,,,Y,,-,,0,1,0,0,0,0,1,0,0,-,-,,,"SAN DIEGO","SAN DIEGO",-117.24205971,32.75117658
6570851,2014,2014-08-28,3711,2014-07-20,1200,5899,,7,5,7,3711,0,0,0,,0,824,"FAIRMOUNT AV","CAMINO DEL RIO S",150.00,E,N,A,-,N,,,,,,,,,,N,3,0,3,3,D,-,00,,,N,B,G,A,A,H,-,A,D,0,,Y,,,Y,,-,-,0,1,2,0,0,0,2,0,0,-,-,,,"SAN DIEGO","SAN DIEGO",-117.09921052,32.7758702
6570850,2014,2014-08-28,3711,2014-07-16,1139,5300,,3,5,7,3711,0,0,0,,0,614,"CASTELAR ST","WEST POINT LOMA BL",8.00,S,N,A,-,N,,,,,,,,,,N,4,0,1,2,A,-,12,22450,A,N,D,G,A,A,H,-,A,A,0,,Y,,,Y,,-,,0,0,1,0,0,0,1,0,0,-,-,,,"SAN DIEGO","SAN DIEGO",-117.23840803,32.75073055
6570843,2014,2014-08-28,3711,2014-07-18,0938,6430,SANDI,5,5,7,3711,0,0,0,,0,126,"NORTH TORREY PINES RD","SALK INSTITUTE RD",42.00,N,N,B,-,N,,,,,,,,,,N,3,0,1,2,A,-,08,22107,,N,C,G,A,A,H,-,A,A,0,,Y,,,Y,,L,04,0,1,0,0,0,0,1,0,0,-,-,,,"SAN DIEGO","SAN DIEGO",-117.243915,32.88620499
6570834,2014,2014-08-28,3711,2014-07-18,1722,7025,,5,5,7,3711,0,0,0,,0,572,IMPERIAL,"21ST ST",0.00,,Y,A,-,N,,,,,,,,,,N,3,0,1,2,A,-,17,22517,,N,B,G,A,A,H,-,A,D,0,,Y,,,Y,,-,,0,1,0,0,0,0,1,0,0,-,-,,,"SAN DIEGO","SAN DIEGO",-117.14486005,32.70628009
6570833,2014,2014-08-28,3711,2014-07-18,1025,6009,EASTE,5,5,7,3711,0,0,0,,0,321,"SANTO RD","FRIARS RD",528.00,N,N,A,-,N,,,,,,,,,,N,3,0,1,1,C,-,18,,,N,E,I,A,A,C,-,A,D,0,,Y,,,Y,,-,-,0,1,0,0,0,0,1,0,0,-,-,,,"SAN DIEGO","SAN DIEGO",-117.10563502,32.79173513
6570831,2014,2014-08-28,3711,2014-07-21,1529,4653,,1,5,7,3711,0,0,0,,0,826,"ALTADENA AV","TROJAN AV",0.00,,Y,A,-,N,,,,,,,,,,N,3,0,1,2,A,-,12,22450,A,N,D,G,A,A,H,-,A,A,0,,Y,,,Y,,L,04,0,1,0,0,0,0,1,0,0,-,-,,,"SAN DIEGO","SAN DIEGO",-117.08578008,32.75490005
6570826,2014,2014-09-23,3711,2014-07-17,1259,7149,SANDI,4,5,7,3711,0,0,0,,0,,"NOBEL DR",REGENTS,180.00,W,N,A,-,N,,,,,,,,,,N,3,0,1,2,A,-,08,22107,,N,B,G,A,A,H,-,A,A,0,,Y,,,Y,,-,,0,1,0,0,0,0,1,0,0,-,-,,,"SAN DIEGO","SAN DIEGO",-117.21965596,32.86770483
6570807,2014,2014-08-28,3711,2014-07-18,1923,6415,,5,5,7,3711,0,0,0,,0,311,"AERO DR","KEARNY VILLA RD",0.00,,Y,A,-,N,,,,,,,,,,N,4,0,1,2,A,-,08,21717,,N,-,G,A,A,H,-,A,A,0,,Y,,,Y,,A,07,0,0,1,0,0,0,1,0,0,-,-,,,"SAN DIEGO","SAN DIEGO",-117.15092005,32.81007006
6569160,2014,2016-05-24,9645,2014-07-15,0930,012572,SANDI,2,1,7,3711,0,1,1,,2,003,"PERSHING DR","RT 5",300.00,E,N,B,-,Y,SD,11,5,-,R,15.539,R,3,N,N,3,0,1,1,B,-,22,,,N,F,A,A,A,H,-,A,D,1,,Y,,,Y,,L,04,0,1,0,0,0,0,1,0,0,FR,-,,,"SAN DIEGO","SAN DIEGO",-117.14826539,32.72081526
6567980,2014,2014-08-25,3711,2014-07-09,1649,6415,,3,5,7,3711,0,0,0,,0,315,"MISSION CENTER RD","FRIARS RD",20.00,N,N,A,-,N,,,,,,,,,,N,3,0,1,1,A,-,05,21650,1,N,E,G,A,A,H,-,A,A,0,,Y,,,Y,Y,L,04,0,1,0,0,0,0,1,0,0,-,-,,,"SAN DIEGO","SAN DIEGO",-117.15385503,32.77469463
6567976,2014,2014-08-25,3711,2014-07-15,1500,4965,,2,5,7,3711,0,0,0,,0,813,"30TH ST","KALMIA ST",88.00,S,N,B,-,N,,,,,,,,,,N,3,0,1,2,A,-,17,22517,,N,B,G,A,A,H,-,A,D,0,,Y,,,Y,,-,,0,1,0,0,0,0,1,0,0,-,-,,,"SAN DIEGO","SAN DIEGO",-117.12956572,32.73055993