CASE_ID,ACCIDENT_YEAR,PROC_DATE,JURIS,COLLISION_DATE,COLLISION_TIME,OFFICER_ID,REPORTING_DISTRICT,DAY_OF_WEEK,CHP_SHIFT,POPULATION,CNTY_CITY_LOC,SPECIAL_COND,BEAT_TYPE,CHP_BEAT_TYPE,CITY_DIVISION_LAPD,CHP_BEAT_CLASS,BEAT_NUMBER,PRIMARY_RD,SECONDARY_RD,DISTANCE,DIRECTION,INTERSECTION,WEATHER_1,WEATHER_2,STATE_HWY_IND,CALTRANS_COUNTY,CALTRANS_DISTRICT,STATE_ROUTE,ROUTE_SUFFIX,POSTMILE_PREFIX,POSTMILE,LOCATION_TYPE,RAMP_INTERSECTION,SIDE_OF_HWY,TOW_AWAY,COLLISION_SEVERITY,NUMBER_KILLED,NUMBER_INJURED,PARTY_COUNT,PRIMARY_COLL_FACTOR,PCF_CODE_OF_VIOL,PCF_VIOL_CATEGORY,PCF_VIOLATION,PCF_VIOL_SUBSECTION,HIT_AND_RUN,TYPE_OF_COLLISION,MVIW,PED_ACTION,ROAD_SURFACE,ROAD_COND_1,ROAD_COND_2,LIGHTING,CONTROL_DEVICE,CHP_ROAD_TYPE,PEDESTRIAN_ACCIDENT,BICYCLE_ACCIDENT,MOTORCYCLE_ACCIDENT,TRUCK_ACCIDENT,NOT_PRIVATE_PROPERTY,ALCOHOL_INVOLVED,STWD_VEHTYPE_AT_FAULT,CHP_VEHTYPE_AT_FAULT,COUNT_SEVERE_INJ,COUNT_VISIBLE_INJ,COUNT_COMPLAINT_PAIN,COUNT_PED_KILLED,COUNT_PED_INJURED,COUNT_BICYCLIST_KILLED,COUNT_BICYCLIST_INJURED,COUNT_MC_KILLED,COUNT_MC_INJURED,PRIMARY_RAMP,SECONDARY_RAMP,LATITUDE,LONGITUDE,COUNTY,CITY,POINT_X,POINT_Y
6442930,2014,2014-07-02,3711,2014-03-11,1201,5589,,2,5,7,3711,0,0,0,,0,121,"DRAPER AV",BONAIR,15.00,N,N,A,-,N,,,,,,,,,,N,4,0,1,1,C,-,18,,,N,E,J,A,A,C,-,A,D,0,,Y,,,Y,,-,-,0,0,1,0,0,0,1,0,0,-,-,,,"SAN DIEGO","SAN DIEGO",-117.27394393,32.83176938
6442894,2014,2014-07-02,3711,2014-03-24,1345,6146,,1,5,7,3711,0,0,0,,0,233,"CARMEL MOUNTAIN RD","PASEO CARDIEL",31.00,E,N,B,-,N,,,,,,,,,,N,3,0,1,1,A,-,03,22350,,N,E,G,A,A,H,-,A,A,0,,Y,,,Y,,L,04,0,1,0,0,0,0,1,0,0,-,-,,,"SAN DIEGO","SAN DIEGO",-117.11348036,32.96084246
6441864,2014,2014-06-10,3711,2014-01-18,0835,5202,,6,5,7,3711,0,0,0,,0,124,"VIA CAPRI","RUE MICHAEL",44.00,S,N,A,-,N,,,,,,,,,,N,3,0,1,1,D,-,00,,,N,E,J,A,A,A,-,A,D,0,,Y,,,Y,,-,-,0,1,0,0,0,0,1,0,0,-,-,,,"SAN DIEGO","SAN DIEGO",-117.25221,32.84340945
6439889,2014,2015-08-14,3711,2014-03-13,1744,6753,"SAN D",4,5,7,3711,0,0,0,,0,823,"STREAMVIEW DR",EGAN,21.00,S,N,A,-,N,,,,,,,,,,N,3,0,1,2,A,-,05,21202,A,N,B,G,A,A,H,-,A,D,0,,Y,,,Y,,L,04,0,1,0,0,0,0,1,0,0,-,-,,,"SAN DIEGO","SAN DIEGO",-117.06206,32.74403
6439853,2014,2014-06-30,3711,2014-03-14,0945,7067,,5,5,7,3711,0,0,0,,0,627,"4TH AV","5TH AV",2.00,S,N,A,-,N,,,,,,,,,,N,3,0,1,2,A,-,08,22107,,N,B,G,A,A,H,-,A,A,0,,Y,,,Y,,-,,0,1,0,0,0,0,1,0,0,-,-,,,"SAN DIEGO","SAN DIEGO",-117.16162004,32.75123452
6439825,2014,2014-06-26,3711,2014-03-22,1238,6034,,6,5,7,3711,0,0,0,,0,833,"DWIGHT ST","CHAMOUNE AV",147.00,W,N,B,-,N,,,,,,,,,,N,3,0,1,2,A,-,-,,,N,D,G,A,A,H,-,A,D,0,,Y,,,Y,Y,L,04,0,1,0,0,0,0,1,0,0,-,-,,,"SAN DIEGO","SAN DIEGO",-117.09709646,32.74397
6439813,2014,2014-06-26,3711,2014-03-23,1745,6247,,7,5,7,3711,0,0,0,,0,611,"MIDWAY DR",ROSECRANS,1.00,W,N,B,-,N,,,,,,,,,,N,3,0,1,2,A,-,17,21200,A,N,D,G,A,A,H,-,A,A,0,,Y,,,Y,,L,04,0,1,0,0,0,0,1,0,0,-,-,,,"SAN DIEGO","SAN DIEGO",-117.20617266,32.74970157
6439787,2014,2014-06-27,3711,2014-03-17,1113,6960,,1,5,7,3711,0,0,0,,0,122,"MISSION BL",EMERALD,15.00,S,N,A,-,N,,,,,,,,,,N,4,0,1,2,A,-,09,21801,A,N,D,J,A,A,H,-,A,D,0,,Y,,,Y,,A,01,0,0,1,0,0,0,1,0,0,-,-,,,"SAN DIEGO","SAN DIEGO",-117.25604681,32.79837044
6439779,2014,2014-07-01,3711,2014-03-21,1558,6040,3771,5,5,7,3711,0,0,0,,0,122,"PACIFIC BEACH DR","MISSION BL",300.00,E,N,A,-,N,,,,,,,,,,N,4,0,1,1,A,-,08,22107,,N,E,-,A,A,G,-,A,-,0,,Y,,,Y,,L,04,0,0,1,0,0,0,1,0,0,-,-,,,"SAN DIEGO","SAN DIEGO",-117.25283172,32.79115782
6439778,2014,2014-06-26,3711,2014-03-20,2134,4653,,4,5,7,3711,0,0,0,,0,122,"CASS ST","GARNET AV",161.00,S,N,A,-,N,,,,,,,,,,N,3,0,1,1,A,-,08,22107,,N,E,I,A,A,H,-,C,D,0,,Y,,,Y,,L,04,0,1,0,0,0,0,1,0,0,-,-,,,"SAN DIEGO","SAN DIEGO",-117.25169998,32.7969128
6435254,2014,2014-07-07,3711,2014-03-05,1510,7025,,3,5,7,3711,0,0,0,,0,521,"F ST","11TH AV",0.00,,Y,A,-,N,,,,,,,,,,N,4,0,1,2,A,-,10,21950,A,N,G,G,A,A,H,-,A,A,0,,Y,,,Y,,-,,0,0,1,0,0,0,1,0,0,-,-,,,"SAN DIEGO","SAN DIEGO",-117.1546901,32.71364008
6433215,2014,2015-08-14,3711,2014-03-02,1628,5072,,7,5,7,3711,0,0,0,,0,611,"MIDWAY DR","ROSECRANS ST",16.00,W,N,B,-,N,,,,,,,,,,N,4,0,1,2,A,-,05,21650,1,N,D,G,A,A,H,-,A,A,0,,Y,,,Y,,L,04,0,0,1,0,0,0,1,0,0,-,-,,,"SAN DIEGO","SAN DIEGO",-117.20621254,32.74972509
6429634,2014,2014-07-26,3711,2014-01-30,0721,5925,,4,5,7,3711,0,0,0,,0,311,"MISSION CENTER RD","CIVITA BL",2640.00,N,N,B,-,N,,,,,,,,,,N,3,0,1,2,A,-,08,22107,,N,C,G,A,A,H,-,A,D,0,,Y,,,Y,,A,01,0,1,0,0,0,0,1,0,0,-,-,,,"SAN DIEGO","SAN DIEGO",-117.15281867,32.78474106
6429630,2014,2014-07-26,3711,2014-01-28,2220,6203,,2,5,7,3711,0,0,0,,0,813,"PARK BL","CYPRESS AV",81.00,S,N,E,-,N,,,,,,,,,,N,3,0,1,2,A,-,17,21209,A,N,C,G,A,-,H,-,C,D,0,,Y,,,Y,,A,01,0,1,0,0,0,0,1,0,0,-,-,,,"SAN DIEGO","SAN DIEGO",-117.14755,32.74408811
6429621,2014,2014-07-26,3711,2014-01-19,1611,4495,,7,5,7,3711,0,0,0,,0,531,"THE PLAZA DE PANAMA","EL PRADO",3.00,E,N,A,-,N,,,,,,,,,,N,2,0,1,2,B,-,22,,,N,H,B,F,A,H,-,A,D,0,Y,Y,,,Y,,L,04,1,0,0,0,1,0,0,0,0,-,-,,,"SAN DIEGO","SAN DIEGO",,
6429619,2014,2014-07-26,3711,2014-01-26,0905,3661,TRAFF,7,5,7,3711,0,0,0,,0,934,"RUETTE DE MER","CLASS 1 BIKE PATH",85.00,S,N,A,-,N,,,,,,,,,,N,2,0,2,2,B,-,22,,,N,A,G,A,A,H,-,A,D,0,,Y,,,Y,,L,04,1,1,0,0,0,0,2,0,0,-,-,,,"SAN DIEGO","SAN DIEGO",,
6429439,2014,2014-06-25,3711,2014-02-02,2042,4576,,7,5,7,3711,0,0,0,,0,515,"K ST","29TH ST",40.00,E,N,B,-,N,,,,,,,,,,N,3,0,1,2,A,-,08,22107,,N,C,G,A,A,H,-,C,D,0,,Y,,,Y,Y,L,04,0,1,0,0,0,0,1,0,0,-,-,,,"SAN DIEGO","SAN DIEGO",-117.13197041,32.70846866
6428606,2014,2014-06-26,3711,2014-02-24,1659,6479,,1,5,7,3711,0,0,0,,0,0SD,"UNIVERSITY AV","45TH ST",60.00,E,N,A,-,N,,,,,,,,,,N,3,0,1,2,A,-,17,22517,,N,H,G,A,A,H,-,A,D,0,,Y,,,Y,,-,-,0,1,0,0,0,0,1,0,0,-,-,,,"SAN DIEGO","SAN DIEGO",-117.09745553,32.74960818
6428574,2014,2014-06-26,3711,2014-02-18,0820,6278,"SAN D",2,5,7,3711,0,0,0,,0,054,"IMPERIAL AV","16TH ST",0.00,,Y,A,-,N,,,,,,,,,,N,4,0,1,2,D,-,00,,,N,D,G,A,A,H,-,A,A,0,,Y,,,Y,,-,-,0,0,1,0,0,0,1,0,0,-,-,,,"SAN DIEGO","SAN DIEGO",-117.14945001,32.70628005
6428570,2014,2014-06-26,3711,2014-02-21,1641,4243,,5,5,7,3711,0,0,0,,0,122,"MISSION BAY DR","MAGNOLIA AV",155.00,N,N,A,-,N,,,,,,,,,,N,3,0,1,2,A,-,09,21804,A,N,D,G,A,A,H,-,A,D,0,,Y,,,Y,,A,01,0,1,0,0,0,0,1,0,0,-,-,,,"SAN DIEGO","SAN DIEGO",-117.21837853,32.80506243
6424988,2014,2014-06-10,3711,2014-01-30,1432,5450,,4,5,7,3711,0,0,0,,0,713,"PASEO DE LAS AMERICAS","VIA DE LA AMISTAD",233.00,N,N,B,-,N,,,,,,,,,,N,3,0,1,2,A,-,05,21650,,N,A,G,A,A,H,-,A,D,0,,Y,,,Y,,L,04,0,1,0,0,0,0,1,0,0,-,-,,,"SAN DIEGO","SAN DIEGO",-116.93593557,32.55353809
6424787,2014,2016-02-03,3711,2014-03-19,1610,3815,,3,5,7,3711,0,0,0,,0,313,"CLAIREMONT MESA BL","RT 163",0.00,,Y,A,-,Y,SD,11,163,-,-,8.872,R,3,S,N,4,0,1,2,A,-,09,21804,A,N,D,G,A,A,H,-,A,D,0,,Y,,,Y,,L,04,0,0,1,0,0,0,1,0,0,-,SO,,,"SAN DIEGO","SAN DIEGO",-117.14051847,32.83324194
6424705,2014,2014-06-12,3711,2014-02-18,1455,6724,,2,5,7,3711,0,0,0,,0,827,"54TH ST","LEA ST",24.00,S,N,A,-,N,,,,,,,,,,N,3,0,1,2,A,-,11,21950,B,N,A,G,A,A,H,-,A,A,0,,Y,,,Y,,L,04,0,1,0,0,0,0,1,0,0,-,-,,,"SAN DIEGO","SAN DIEGO",-117.07952855,32.74577427
6424699,2014,2015-09-23,3711,2014-02-23,0957,5790,,7,5,7,3711,0,0,0,,0,233,"RT 56","BLACK MOUNTAIN RD",1584.00,W,N,A,-,N,,,,,,,,,,N,3,0,2,2,A,-,04,21703,,N,C,G,A,A,H,-,A,D,0,,Y,,,Y,,L,04,0,2,0,0,0,0,2,0,0,-,-,,,"SAN DIEGO","SAN DIEGO",,
6422198,2014,2014-10-28,3711,2014-10-05,0141,6513,,7,5,7,3711,0,0,0,,0,523,"5TH AV","F ST",108.00,S,N,A,-,N,,,,,,,,,,N,3,0,1,2,A,-,17,22517,,N,B,G,A,A,H,-,C,D,0,,Y,,,Y,,A,01,0,1,0,0,0,0,1,0,0,-,-,,,"SAN DIEGO","SAN DIEGO",-117.16014718,32.71332415
6419953,2014,2014-06-23,3711,2014-03-12,0800,5202,,3,5,7,3711,0,0,0,,0,126,"NORTH TORREY PINES RD","SCENIC PARK RD",538.00,S,N,A,-,N,,,,,,,,,,N,4,0,1,2,A,-,08,22107,,N,B,G,A,A,H,-,A,D,0,,Y,,,Y,,A,01,0,0,1,0,0,0,1,0,0,-,-,,,"SAN DIEGO","SAN DIEGO",,
6419110,2014,2014-06-23,3711,2014-03-08,0211,5985,SANDI,6,5,7,3711,0,0,0,,0,523,"G ST","6TH AV",47.00,W,N,A,-,N,,,,,,,,,,N,4,0,1,3,A,-,08,22107,,N,B,G,A,A,H,-,C,D,0,,Y,,,Y,Y,A,01,0,0,1,0,0,0,1,0,0,-,-,,,"SAN DIEGO","SAN DIEGO",-117.1593823,32.71257
6418574,2014,2014-06-17,3711,2014-02-11,1616,5600,,2,5,7,3711,0,0,0,,0,517,"PERSHING DR","FLORIDA DR",932.00,W,N,A,-,N,,,,,,,,,,Y,2,0,1,2,A,-,03,22350,,N,C,G,A,A,H,-,A,D,0,,Y,,,Y,,A,01,1,0,0,0,0,0,1,0,0,-,-,,,"SAN DIEGO","SAN DIEGO",-117.14475307,32.72091594
6418317,2014,2014-07-01,3711,2014-03-08,1905,6704,,6,5,7,3711,0,0,0,,0,628,"WEST WASHINGTON ST","SAN DIEGO  AV",0.00,,Y,A,-,N,,,,,,,,,,N,3,0,1,1,C,-,18,,,N,E,I,A,A,A,-,C,D,0,,Y,,,Y,,-,-,0,1,0,0,0,0,1,0,0,-,-,,,"SAN DIEGO","SAN DIEGO",-117.18192007,32.74279001
6418305,2014,2014-07-02,3711,2014-03-06,0725,5544,SDPD,4,5,7,3711,0,0,0,,0,242,"VIA SAN BLAS","CALLIANDRA RD",0.00,,Y,B,-,N,,,,,,,,,,N,3,0,1,2,A,-,06,21750,,N,B,G,A,A,H,-,A,D,0,,Y,,,Y,,-,,0,1,0,0,0,0,1,0,0,-,-,,,"SAN DIEGO","SAN DIEGO",-117.13323003,32.91722007
6418269,2014,2014-07-17,3711,2014-03-09,1215,6961,,7,5,7,3711,0,0,0,,0,522,"W HARBOR DR","KETTNER BL",0.00,,Y,A,-,N,,,,,,,,,,N,3,0,1,1,-,-,-,,,N,E,A,A,A,H,-,A,D,0,,Y,,,Y,,-,-,0,1,0,0,0,0,1,0,0,-,-,,,"SAN DIEGO","SAN DIEGO",-117.1692101,32.71147004
6418228,2014,2014-06-24,3711,2014-03-07,1518,6082,,5,5,7,3711,0,0,0,,0,122,"GARNET AV","HAINES ST",550.00,W,N,A,-,N,,,,,,,,,,N,3,0,1,2,A,-,08,22107,,N,B,G,A,A,H,-,A,D,0,,Y,,,Y,,-,,0,1,0,0,0,0,1,0,0,-,-,,,"SAN DIEGO","SAN DIEGO",-117.24442149,32.79896449
6417434,2014,2014-06-24,3711,2014-03-12,1110,6768,,3,5,7,3711,0,0,0,,0,821,"EL CAJON BL","67TH ST",0.00,,Y,A,-,N,,,,,,,,,,N,3,0,1,2,A,-,09,21801,A,N,A,G,A,A,H,-,A,A,0,,Y,,,Y,,A,01,0,1,0,0,0,0,1,0,0,-,-,,,"SAN DIEGO","SAN DIEGO",-117.05368011,32.76853003
6417430,2014,2015-08-14,3711,2014-03-06,1315,6389,,4,5,7,3711,0,0,0,,0,713,"PASEO DE LAS AMERICAS","VIA DE LA AMISTAD",252.00,N,N,A,-,N,,,,,,,,,,N,4,0,1,2,A,-,-,,,N,D,G,A,A,H,-,A,D,0,,Y,,,Y,,L,04,0,0,1,0,0,0,1,0,0,-,-,,,"SAN DIEGO","SAN DIEGO",-116.93593521,32.55359012
6417401,2014,2015-08-14,3711,2014-03-02,0950,5588,,7,5,7,3711,0,0,0,,0,327,"ALVARADO RD","SDSU PARKING",3.00,E,N,A,B,N,,,,,,,,,,N,4,0,1,2,A,-,08,22102,,N,B,G,A,A,H,-,A,D,0,,Y,,,Y,,L,04,0,0,1,0,0,0,1,0,0,-,-,,,"SAN DIEGO","SAN DIEGO",,
6417365,2014,2014-06-24,3711,2014-03-11,1908,6101,,2,5,7,3711,0,0,0,,0,613,"CLOVIS ST","VALETA ST",0.00,,Y,A,-,N,,,,,,,,,,N,3,0,1,2,A,-,12,22450,,N,A,G,A,A,H,-,C,D,0,,Y,,,Y,,L,04,0,1,0,0,0,0,1,0,0,-,-,,,"SAN DIEGO","SAN DIEGO",-117.23303003,32.74979003
6417345,2014,2014-06-24,3711,2014-03-12,0740,4923,,3,5,7,3711,0,0,0,,0,246,"SCRIPPS POWAY PKWY","SCRIPPS SUMMIT DR",210.00,E,N,A,-,N,,,,,,,,,,N,3,0,1,1,C,-,18,,,N,H,A,A,A,H,-,A,D,0,,Y,,,Y,,-,-,0,1,0,0,0,0,1,0,0,-,-,,,"SAN DIEGO","SAN DIEGO",-117.10010907,32.93738711
6414111,2014,2014-06-11,3711,2014-01-26,1806,4656,,7,5,7,3711,0,0,0,,0,324,"NAVAJO RD","COWLES MOUNTAIN BL",0.00,,Y,A,-,N,,,,,,,,,,Y,2,0,1,2,A,-,08,22100,A,N,D,G,A,A,H,-,C,A,0,,Y,,,Y,,L,04,1,0,0,0,0,0,1,0,0,-,-,,,"SAN DIEGO","SAN DIEGO",-117.02535002,32.80326007
6414019,2014,2014-06-11,3711,2014-01-26,1345,6938,,7,5,7,3711,0,0,0,,0,611,"MIDWAY DR","DUKE ST",300.00,E,N,B,-,N,,,,,,,,,,,3,0,1,1,A,-,08,22107,,N,H,A,A,B,H,-,A,D,0,,Y,,,Y,,L,04,0,1,0,0,0,0,1,0,0,-,-,,,"SAN DIEGO","SAN DIEGO",-117.21711042,32.75332742
6408471,2014,2014-06-28,3711,2014-03-04,1152,6553,,2,5,7,3711,0,0,0,,0,531,"UPAS ST","TEXAS ST",0.00,,Y,A,-,N,,,,,,,,,,N,3,0,2,2,A,-,12,22450,A,M,D,G,A,A,H,-,A,A,0,,Y,,,Y,,D,22,0,1,1,0,0,0,2,0,0,-,-,,,"SAN DIEGO","SAN DIEGO",-117.13901006,32.74102012
6405991,2014,2014-06-25,3711,2014-02-07,1953,6070,,5,5,7,3711,0,0,0,,0,122,"GRAND AV","GRESHAM ST",24.00,W,N,A,-,N,,,,,,,,,,N,3,0,1,2,A,-,09,21802,A,N,H,G,A,A,H,-,C,D,0,,Y,,,Y,,-,,0,1,0,0,0,0,1,0,0,-,-,,,"SAN DIEGO","SAN DIEGO",-117.24404534,32.79710343
6405979,2014,2014-06-25,3711,2014-02-16,0800,3661,TRAFF,7,5,7,3711,0,0,0,,0,111,"ASHFORD ST","HATTON ST",37.00,S,N,A,-,N,,,,,,,,,,N,4,0,1,2,A,-,17,22517,,N,H,G,A,A,H,-,A,D,0,,Y,,,Y,,A,01,0,0,1,0,0,0,1,0,0,-,-,,,"SAN DIEGO","SAN DIEGO",-117.16262484,32.81820857
6401503,2014,2014-06-06,3711,2014-01-28,1129,7006,,2,5,7,3711,0,0,0,,0,833,"47TH ST","UNIVERSITY AV",0.00,,Y,A,-,N,,,,,,,,,,N,4,0,1,2,A,-,09,21801,A,N,D,G,A,A,H,-,A,D,0,,Y,,,Y,,-,,0,0,1,0,0,0,1,0,0,-,-,,,"SAN DIEGO","SAN DIEGO",-117.09333006,32.74957008
6401491,2014,2014-06-06,3711,2014-01-28,1550,7029,,2,5,7,3711,0,0,0,,0,835,"HOME AV","FAIRMOUNT AV",0.00,,Y,A,-,N,,,,,,,,,,N,4,0,1,2,A,-,12,21453,A,N,D,G,A,A,H,-,A,A,0,,Y,,,Y,,L,04,0,0,1,0,0,0,1,0,0,-,-,,,"SAN DIEGO","SAN DIEGO",-117.09974004,32.72888007
6400326,2014,2014-06-19,3711,2014-02-19,0810,3667,,3,5,7,3711,0,0,0,,0,313,"AERO DR","W CANYON RD",262.00,E,N,B,-,N,,,,,,,,,,N,3,0,1,2,A,-,08,22107,,N,H,G,A,A,H,-,A,D,0,,Y,,,Y,,L,04,0,1,0,0,0,0,1,0,0,-,-,,,"SAN DIEGO","SAN DIEGO",-117.12159371,32.8082945
6400305,2014,2014-06-17,3711,2014-02-23,2120,6670,SD,7,5,7,3711,0,0,0,,0,523,"K ST","5TH AV",150.00,E,N,A,-,N,,,,,,,,,,N,4,0,1,1,A,-,08,22107,,N,H,A,A,A,H,-,C,A,0,,Y,,,Y,,L,04,0,0,1,0,0,0,1,0,0,-,-,,,"SAN DIEGO","SAN DIEGO",-117.15960397,32.70833
6400297,2014,2014-06-17,3711,2014-02-22,1417,5450,,6,5,7,3711,0,0,0,,0,936,"CARMEL VALLEY RD","CAMINITO VISTANA",528.00,E,N,A,-,N,,,,,,,,,,N,3,0,1,1,C,-,18,,,N,E,I,A,A,G,-,A,D,0,,Y,,,Y,,-,-,0,1,0,0,0,0,1,0,0,-,-,,,"SAN DIEGO","SAN DIEGO",-117.15456866,32.97101943
6400194,2014,2014-04-12,3711,2014-02-13,1042,5925,,4,5,7,3711,0,0,0,,0,311,"AERO DR","MURPHY CANYON RD",0.00,,Y,A,-,N,,,,,,,,,,N,3,0,1,2,A,-,17,21451,A,N,A,G,A,A,H,-,A,A,0,,Y,,,Y,,J,48,0,1,0,0,0,0,1,0,0,-,-,,,"SAN DIEGO","SAN DIEGO",-117.11664009,32.80959012
6389570,2014,2014-06-18,3711,2014-02-18,2054,4310,,2,5,7,3711,0,0,0,,0,527,"W CEDAR ST","CALIFORNIA ST",0.00,,Y,A,-,N,,,,,,,,,,N,3,0,1,1,A,-,03,22350,,N,F,A,A,A,H,-,C,D,0,,Y,,,Y,,-,-,0,1,0,0,0,0,1,0,0,-,-,,,"SAN DIEGO","SAN DIEGO",-117.17013004,32.72194002
6381901,2014,2014-06-17,3711,2014-02-12,1328,6553,,3,5,7,3711,0,0,0,,0,825,"FAIRMOUNT AV","GORE PT  MONTEZUMA RAMP",150.00,N,N,A,-,N,,,,,,,,,,N,4,0,1,2,A,-,07,21658,A,N,B,G,A,A,H,-,A,D,0,,Y,,,Y,,L,04,0,0,1,0,0,0,1,0,0,-,-,,,"SAN DIEGO","SAN DIEGO",,
6381885,2014,2014-06-17,3711,2014-02-16,1715,5788,,7,5,7,3711,0,0,0,,0,311,"MURPHY CANYON RD","AERO DR",210.00,S,N,A,-,N,,,,,,,,,,N,4,0,1,2,A,-,08,22107,,N,D,G,A,A,H,-,A,D,0,,Y,,,Y,,-,,0,0,1,0,0,0,1,0,0,-,-,,,"SAN DIEGO","SAN DIEGO",-117.11626853,32.80910853
6381882,2014,2014-06-24,3711,2014-02-05,1000,7078,,3,5,7,3711,0,0,0,,0,624,"EL CAJON BL","LOUISIANA ST",0.00,,Y,A,-,N,,,,,,,,,,N,3,0,1,2,A,-,09,21802,A,N,D,G,A,A,H,-,A,D,0,,Y,,,Y,,-,,0,1,0,0,0,0,1,0,0,-,-,,,"SAN DIEGO","SAN DIEGO",-117.14007011,32.75537008
6381870,2014,2014-06-18,3711,2014-02-16,1552,6082,,7,5,7,3711,0,0,0,,0,122,"BERYL ST","LAMONT ST",45.00,W,N,A,-,N,,,,,,,,,,N,3,0,1,2,A,-,09,21453,B,N,D,G,A,A,H,-,A,A,0,,Y,,,Y,Y,L,04,0,1,0,0,0,0,1,0,0,-,-,,,"SAN DIEGO","SAN DIEGO",-117.23749147,32.80749958
6376660,2014,2014-07-08,3711,2014-02-04,1600,6995,SANDI,2,5,7,3711,0,0,0,,0,831,"47TH ST","ORANGE AV",528.00,N,N,A,-,N,,,,,,,,,,N,4,0,1,2,A,-,08,22107,,M,D,G,A,A,H,-,A,D,0,,Y,,,Y,,L,04,0,0,1,0,0,0,1,0,0,-,-,,,"SAN DIEGO","SAN DIEGO",-117.09328942,32.75454617
6376656,2014,2014-06-19,3711,2014-02-01,2358,5985,SANDI,6,5,7,3711,0,0,0,,0,122,"OCEAN FRONT WALK","YORK CT",34.00,S,N,A,-,N,,,,,,,,,,N,2,0,1,1,B,-,22,,,N,E,I,A,A,H,-,C,D,0,,Y,,,Y,Y,L,04,1,0,0,0,0,0,1,0,0,-,-,,,"SAN DIEGO","SAN DIEGO",-117.25473934,32.7890185
6376644,2014,2014-07-08,3711,2014-02-03,1720,6009,EASTO,1,5,7,3711,0,0,0,,0,321,"MISSION GORGE RD","MISSION GORGE RD 4500",65.00,N,N,A,-,N,,,,,,,,,,N,4,0,1,2,A,-,09,21801,A,N,D,G,A,A,H,-,C,A,0,,Y,,,Y,,L,04,0,0,1,0,0,0,1,0,0,-,-,,,"SAN DIEGO","SAN DIEGO",,
6376513,2014,2014-06-26,3711,2014-02-04,1140,7156,,2,5,7,3711,0,0,0,,0,313,"CONVOY ST","CLAIREMONT MESA BL",0.00,,Y,A,-,N,,,,,,,,,,N,3,0,1,2,A,-,12,21453,A,N,H,G,A,A,H,-,A,A,0,,Y,,,Y,,L,04,0,1,0,0,0,0,1,0,0,-,-,,,"SAN DIEGO","SAN DIEGO",-117.15328004,32.83275008
6373275,2014,2014-06-06,3711,2014-01-26,1545,3432,,7,5,7,3711,0,0,0,,0,124,"GRAND AV","TORREY PINES RD",27.00,N,N,B,-,N,,,,,,,,,,N,3,0,1,1,C,-,18,,,N,F,-,A,A,H,-,A,A,0,,Y,,,Y,Y,-,-,0,1,0,0,0,0,1,0,0,-,-,,,"SAN DIEGO","SAN DIEGO",,
6373247,2014,2014-06-25,3711,2014-01-23,2040,6223,N2,4,5,7,3711,0,0,0,,0,122,"DIAMOND ST","JEWELL ST",10.00,W,N,B,-,N,,,,,,,,,,N,4,0,1,2,A,-,14,21201,D,N,D,G,A,A,H,-,C,D,0,,Y,,,Y,,L,04,0,0,1,0,0,0,1,0,0,-,-,,,"SAN DIEGO","SAN DIEGO",-117.23988132,32.80295287
6373219,2014,2014-06-06,3711,2014-01-25,1530,6082,,6,5,7,3711,0,0,0,,0,122,"DIAMOND ST","MISSION BL",12.00,W,N,A,-,N,,,,,,,,,,N,3,0,1,2,A,-,08,22107,,N,D,G,A,A,H,-,A,D,0,,Y,,,Y,,-,,0,1,0,0,0,0,1,0,0,-,-,,,"SAN DIEGO","SAN DIEGO",-117.25636758,32.79932144
6373001,2014,2014-05-12,3711,2014-01-31,2033,5985,SANDI,5,5,7,3711,0,0,0,,0,523,"6TH AV","G ST",105.00,S,N,A,-,N,,,,,,,,,,N,3,0,1,2,A,-,08,22107,,N,A,G,A,A,H,-,C,D,0,,Y,,,Y,,L,04,0,1,0,0,0,0,1,0,0,-,-,,,"SAN DIEGO","SAN DIEGO",-117.15924085,32.71228251
6370205,2014,2014-06-11,3711,2014-01-22,1550,6236,,3,5,7,3711,0,0,0,,0,814,"ADAMS AV","HAWLEY BL",2.00,S,N,A,-,N,,,,,,,,,,N,4,0,1,2,A,-,10,21950,A,N,G,-,A,A,H,-,A,D,0,,Y,,,Y,,-,,0,0,1,0,0,0,1,0,0,-,-,,,"SAN DIEGO","SAN DIEGO",-117.11945,32.76335
6359294,2014,2014-06-09,3711,2014-01-29,1738,5600,,3,5,7,3711,0,0,0,,0,241,"POMERADO RD","POMERADO RD 10200",88.00,W,N,A,-,N,,,,,,,,,,N,3,0,1,2,A,-,04,21703,,N,C,G,A,A,H,-,A,D,0,,Y,,,Y,,L,04,0,1,0,0,0,0,1,0,0,-,-,,,"SAN DIEGO","SAN DIEGO",,
6353409,2014,2014-06-06,3711,2014-01-10,0745,3661,TRAFF,5,5,7,3711,0,0,0,,0,115,"LA JOLLA VILLAGE DR","TOWNE CENTRE DR",0.00,,Y,A,-,N,,,,,,,,,,N,3,0,1,2,A,-,08,22107,,N,B,G,A,A,H,-,A,A,0,,Y,,,Y,,A,01,0,1,0,0,0,0,1,0,0,-,-,,,"SAN DIEGO","SAN DIEGO",-117.20742011,32.87410004