CASE_ID,ACCIDENT_YEAR,PROC_DATE,JURIS,COLLISION_DATE,COLLISION_TIME,OFFICER_ID,REPORTING_DISTRICT,DAY_OF_WEEK,CHP_SHIFT,POPULATION,CNTY_CITY_LOC,SPECIAL_COND,BEAT_TYPE,CHP_BEAT_TYPE,CITY_DIVISION_LAPD,CHP_BEAT_CLASS,BEAT_NUMBER,PRIMARY_RD,SECONDARY_RD,DISTANCE,DIRECTION,INTERSECTION,WEATHER_1,WEATHER_2,STATE_HWY_IND,CALTRANS_COUNTY,CALTRANS_DISTRICT,STATE_ROUTE,ROUTE_SUFFIX,POSTMILE_PREFIX,POSTMILE,LOCATION_TYPE,RAMP_INTERSECTION,SIDE_OF_HWY,TOW_AWAY,COLLISION_SEVERITY,NUMBER_KILLED,NUMBER_INJURED,PARTY_COUNT,PRIMARY_COLL_FACTOR,PCF_CODE_OF_VIOL,PCF_VIOL_CATEGORY,PCF_VIOLATION,PCF_VIOL_SUBSECTION,HIT_AND_RUN,TYPE_OF_COLLISION,MVIW,PED_ACTION,ROAD_SURFACE,ROAD_COND_1,ROAD_COND_2,LIGHTING,CONTROL_DEVICE,CHP_ROAD_TYPE,PEDESTRIAN_ACCIDENT,BICYCLE_ACCIDENT,MOTORCYCLE_ACCIDENT,TRUCK_ACCIDENT,NOT_PRIVATE_PROPERTY,ALCOHOL_INVOLVED,STWD_VEHTYPE_AT_FAULT,CHP_VEHTYPE_AT_FAULT,COUNT_SEVERE_INJ,COUNT_VISIBLE_INJ,COUNT_COMPLAINT_PAIN,COUNT_PED_KILLED,COUNT_PED_INJURED,COUNT_BICYCLIST_KILLED,COUNT_BICYCLIST_INJURED,COUNT_MC_KILLED,COUNT_MC_INJURED,PRIMARY_RAMP,SECONDARY_RAMP,LATITUDE,LONGITUDE,COUNTY,CITY,POINT_X,POINT_Y
7196247,2016,2016-03-02,3711,2016-02-19,1622,7030,,5,5,7,3711,0,0,0,,0,627,"UNIVERSITY AV","CENTRE ST",0.00,,Y,A,-,N,,,,,,,,,,N,3,0,1,2,A,-,03,22350,,N,D,G,A,A,H,-,A,D,0,,Y,,,Y,,L,04,0,1,0,0,0,0,1,0,0,-,-,,,"SAN DIEGO","SAN DIEGO",-117.14838005,32.74841007
7196205,2016,2016-03-10,3711,2016-02-18,1526,7030,,4,5,7,3711,0,0,0,,0,611,"FARRAGUT RD","CUSHING RD",1.00,E,N,A,-,N,,,,,,,,,,N,3,0,1,2,A,-,03,22350,,N,C,G,A,A,H,-,A,D,0,,Y,,,Y,,L,04,0,1,0,0,0,0,1,0,0,-,-,,,"SAN DIEGO","SAN DIEGO",-117.21686731,32.73226847
7195599,2016,2017-02-10,3711,2016-02-16,0750,7403,,2,5,7,3711,0,0,0,,0,324,"NAVAJO RD","RT 125",6.00,E,N,A,-,Y,SD,11,125,-,-,19.542,R,3,S,N,3,0,1,2,A,-,10,21950,A,N,H,G,A,A,H,-,A,A,0,,Y,,,Y,,-,,0,1,0,0,0,0,1,0,0,-,SO,,,"SAN DIEGO","SAN DIEGO",-117.00562484,32.79984166
7194369,2016,2016-03-10,3711,2016-02-06,1010,HB5798,,6,5,7,3711,0,0,0,,0,503,"HARBOR ISLAND DR","HARBOR DR",14.30,S,N,A,-,N,,,,,,,,,,N,4,0,1,2,A,-,09,21804,A,N,D,G,A,A,H,-,A,A,0,,Y,,Y,Y,,L,04,0,0,1,0,0,0,1,0,0,-,-,,,"SAN DIEGO","SAN DIEGO",-117.19519372,32.72925095
7191131,2016,2016-02-24,3711,2016-02-11,0851,7139,SANDI,4,5,7,3711,0,0,0,,0,122,"W BRIARFIELD DR","PACIFIC BEACH DR",60.00,S,N,A,-,N,,,,,,,,,,N,3,0,1,1,A,-,08,22107,,N,H,-,A,A,H,-,A,D,0,,Y,,,Y,,L,04,0,1,0,0,0,0,1,0,0,-,-,,,"SAN DIEGO","SAN DIEGO",-117.24993766,32.79163587
7190987,2016,2016-02-24,3711,2016-01-24,1130,6632,MC2,7,5,7,3711,0,0,0,,0,814,"ADAMS AV","35TH ST",54.00,E,N,A,-,N,,,,,,,,,,N,3,0,1,2,A,-,03,22350,A,N,H,G,A,A,H,-,A,D,0,,Y,,,Y,,L,04,0,1,0,0,0,0,1,0,0,-,-,,,"SAN DIEGO","SAN DIEGO",-117.11714502,32.76332527
7187985,2016,2017-02-15,3711,2016-02-08,2240,7323,,1,5,7,3711,0,0,0,,0,832,"EL CAJON BL","RT 5",0.00,,Y,A,-,Y,SD,11,15,-,M,5.150,R,1,S,N,3,0,1,2,A,-,11,21456,A,N,D,G,A,A,H,-,C,A,0,,Y,,,Y,Y,L,04,0,1,0,0,0,0,1,0,0,-,-,,,"SAN DIEGO","SAN DIEGO",-117.10897178,32.75688817
7187120,2016,2016-02-26,3711,2016-02-16,1625,4527,SANDI,2,5,7,3711,0,0,0,,0,529,"4TH AV","ELM AV",102.00,N,N,A,-,N,,,,,,,,,,N,3,0,1,2,A,-,08,22107,A,N,C,G,A,A,H,-,A,D,0,,Y,,,Y,,-,-,0,1,0,0,0,0,1,0,0,-,-,,,"SAN DIEGO","SAN DIEGO",-117.16115126,32.72435857
7187103,2016,2016-02-26,3711,2016-02-11,1655,5627,,4,5,7,3711,0,0,0,,0,122,"GRAND AV","LAMONT ST",6.00,W,N,A,-,N,,,,,,,,,,N,3,0,1,2,A,-,12,21453,A,N,D,G,A,A,H,-,A,A,0,,Y,,,Y,,-,,0,1,0,0,0,0,1,0,0,-,-,,,"SAN DIEGO","SAN DIEGO",-117.23481798,32.79918371
7187099,2016,2016-02-26,3711,2016-02-14,1709,3696,,7,5,7,3711,0,0,0,,0,121,"MISSION BL","MISSION BL 3150",9.00,N,N,A,-,N,,,,,,,,,,N,3,0,1,2,A,-,09,21801,A,N,A,G,A,A,H,-,A,A,0,,Y,,,Y,,-,,0,1,0,0,0,0,1,0,0,-,-,,,"SAN DIEGO","SAN DIEGO",,
7187086,2016,2016-02-26,3711,2016-02-08,1155,5747,,1,5,7,3711,0,0,0,,0,615,"GARRISON ST","ROSECRANS ST",0.00,,Y,A,-,N,,,,,,,,,,N,4,0,1,2,A,-,04,21703,,N,B,G,A,A,H,-,A,D,0,,Y,,,Y,,L,04,0,0,1,0,0,0,1,0,0,-,-,,,"SAN DIEGO","SAN DIEGO",-117.22840001,32.7255901
7187075,2016,2016-02-26,3711,2016-02-13,2305,6295,SD,6,5,7,3711,0,0,0,,0,521,"13TH ST","ISLAND AV",0.00,,Y,A,-,N,,,,,,,,,,N,4,0,1,2,A,-,09,21802,A,N,D,G,A,A,H,-,C,A,0,,Y,,,Y,Y,-,,0,0,1,0,0,0,1,0,0,-,-,,,"SAN DIEGO","SAN DIEGO",-117.15281001,32.71046004
7187058,2016,2016-02-26,3711,2016-02-11,1134,7297,,4,5,7,3711,0,0,0,,0,313,"CONVOY ST",BALBOA,57.00,W,N,A,-,N,,,,,,,,,,N,3,0,1,1,A,-,08,22107,,N,H,-,A,A,A,-,A,D,0,,Y,,,Y,,L,04,0,1,0,0,0,0,1,0,0,-,-,,,"SAN DIEGO","SAN DIEGO",-117.15509671,32.82190604
7186640,2016,2016-02-23,3711,2016-02-04,1237,6641,,4,5,7,3711,0,0,0,,0,935,"SAN DIEGUITO RD","EL CAMINIO REAL",4752.00,E,N,A,-,N,,,,,,,,,,N,3,0,1,1,D,-,00,,,N,H,A,A,A,H,-,A,D,0,,Y,,,Y,,-,-,0,1,0,0,0,0,1,0,0,-,-,,,"SAN DIEGO","SAN DIEGO",-117.21620698,32.97450772
7184557,2016,2016-02-19,3711,2016-02-05,1644,7399,,5,5,7,3711,0,0,0,,0,122,"FANUEL ST","LORING ST",18.00,N,N,A,-,N,,,,,,,,,,N,4,0,1,2,A,-,09,21802,A,N,B,G,A,A,H,-,A,D,0,,Y,Y,,Y,,C,06,0,0,1,0,0,0,1,0,0,-,-,,,"SAN DIEGO","SAN DIEGO",-117.24893462,32.80704775
7184511,2016,2016-04-19,3711,2016-02-07,1350,6614,,7,5,7,3711,0,0,0,,0,123,"INGRAHAM ST","SEA WORLD DR",300.00,N,N,A,-,N,,,,,,,,,,N,3,0,1,2,A,-,08,22107,,N,C,G,A,A,H,-,A,D,0,,Y,,,Y,,A,01,0,1,0,0,0,0,1,0,0,-,-,,,"SAN DIEGO","SAN DIEGO",,
7184507,2016,2016-02-19,3711,2016-02-08,1605,5558,,1,5,7,3711,0,0,0,,0,821,"EL CAJON BL","62ND ST",78.00,W,N,A,-,N,,,,,,,,,,N,3,0,1,2,A,-,12,21453,A,M,D,G,A,A,H,-,A,A,0,,Y,,,Y,,-,,0,1,0,0,0,0,1,0,0,-,-,,,"SAN DIEGO","SAN DIEGO",-117.06479785,32.76280696
7178706,2016,2016-02-18,3711,2016-02-03,1345,7205,,3,5,7,3711,0,0,0,,0,311,"RUFFIN RD","AERO DR",100.00,N,N,A,-,N,,,,,,,,,,N,3,0,1,1,A,-,03,22350,,N,H,A,A,A,A,-,A,A,0,,Y,,,Y,,L,04,0,1,0,0,0,0,1,0,0,-,-,,,"SAN DIEGO","SAN DIEGO",-117.12974,32.80988
7178690,2016,2016-02-18,3711,2016-02-03,1202,5929,,3,5,7,3711,0,0,0,,0,122,"GARNET AV","EVERTS ST",200.00,W,N,A,-,N,,,,,,,,,,N,4,0,1,2,A,-,17,22517,,N,B,G,A,A,H,-,A,A,0,,Y,,,Y,,-,,0,0,1,0,0,0,1,0,0,-,-,,,"SAN DIEGO","SAN DIEGO",-117.24879741,32.79800058
7178194,2016,2016-02-10,3711,2016-01-30,1500,5491,SANDI,6,5,7,3711,0,0,0,,0,524,"ASH ST","4TH AV",6.00,W,N,B,-,N,,,,,,,,,,N,3,0,1,2,A,-,12,21453,A,N,D,G,A,A,H,-,A,A,0,,Y,,,Y,,L,04,0,1,0,0,0,0,1,0,0,-,-,,,"SAN DIEGO","SAN DIEGO",-117.16114944,32.71988978
7178130,2016,2016-02-12,3711,2016-02-01,0900,6382,,1,5,7,3711,0,0,0,,0,614,"SUNSET CLIFFS BL","MUIR AV",120.00,N,N,A,-,N,,,,,,,,,,N,4,0,1,2,A,-,05,21650,1,M,D,G,A,A,H,-,A,A,0,,Y,,,Y,,L,04,0,0,1,0,0,0,1,0,0,-,-,,,"SAN DIEGO","SAN DIEGO",-117.24344093,32.74955573
7178107,2016,2016-02-10,3711,2016-02-01,1530,7200,,1,5,7,3711,0,0,0,,0,111,"CLAIREMONT MESA BL","LONGFORD ST",50.00,E,N,A,-,N,,,,,,,,,,N,3,0,1,1,A,-,03,22350,,N,E,A,A,A,H,-,A,A,0,,Y,,,Y,,L,04,0,1,0,0,0,0,1,0,0,-,-,,,"SAN DIEGO","SAN DIEGO",-117.18253777,32.83449807
7176072,2016,2016-02-09,3711,2016-01-25,0820,5342,,1,5,7,3711,0,0,0,,0,271,"POMERADO RD","AVENUE OF NATIONS",0.00,,Y,A,-,N,,,,,,,,,,N,3,0,1,2,A,-,09,21453,C,N,C,G,A,A,H,-,A,A,0,,Y,,,Y,,L,04,0,1,0,0,0,0,1,0,0,-,-,,,"SAN DIEGO","SAN DIEGO",-117.10270002,32.89763002
7176068,2016,2016-02-09,3711,2016-01-28,1000,6772,SANDI,4,5,7,3711,0,0,0,,0,242,"MIRA MESA BL","BLACK MOUNTAIN RD",2.00,W,N,A,-,N,,,,,,,,,,N,4,0,1,2,A,-,05,21650,,N,B,G,A,A,H,-,A,A,0,,Y,,,Y,,L,04,0,0,1,0,0,0,1,0,0,-,-,,,"SAN DIEGO","SAN DIEGO",-117.12489649,32.91722991
7176015,2016,2016-02-24,3711,2016-01-28,1913,7044,,4,5,7,3711,0,0,0,,0,624,"MEADE AV","TEXAS ST",21.00,E,N,A,-,N,,,,,,,,,,N,3,0,1,2,A,-,09,21801,A,N,A,G,A,A,H,-,C,A,0,,Y,,,Y,,-,,0,1,0,0,0,0,1,0,0,-,-,,,"SAN DIEGO","SAN DIEGO",-117.13878192,32.75724
7175983,2016,2016-02-08,3711,2016-01-27,0850,6418,,3,5,7,3711,0,0,0,,0,116,"ILLION ST","GARDENA AV",721.00,N,N,A,-,N,,,,,,,,,,N,3,0,1,2,A,-,09,21801,A,N,A,G,A,A,H,-,A,D,0,,Y,,,Y,,A,07,0,1,0,0,0,0,1,0,0,-,-,,,"SAN DIEGO","SAN DIEGO",-117.19936907,32.77995114
7175934,2016,2016-02-08,3711,2016-01-26,1850,7388,,2,5,7,3711,0,0,0,,0,112,"GENESEE AV","GENESEE CT E",15.00,N,N,A,-,N,,,,,,,,,,N,4,0,1,2,A,-,12,21453,A,N,D,G,A,A,H,-,C,A,0,,Y,,,Y,,L,04,0,0,1,0,0,0,1,0,0,-,-,,,"SAN DIEGO","SAN DIEGO",-117.17936893,32.81422786
7175246,2016,2016-02-05,3711,2016-01-12,1057,6418,,2,5,7,3711,0,0,0,,0,115,"VILLA LA JOLLA DR","LA JOLLA VILLAGE DR",223.00,S,N,A,-,N,,,,,,,,,,N,3,0,1,2,A,-,09,21804,A,N,D,G,A,A,H,-,A,D,0,,Y,,,Y,,A,01,0,1,0,0,0,0,1,0,0,-,-,,,"SAN DIEGO","SAN DIEGO",-117.23384647,32.87117573
7175230,2016,2016-02-05,3711,2016-01-23,0952,6774,,6,5,7,3711,0,0,0,,0,,"LANSDALE DR","LANSDALE CT",170.00,E,N,B,-,N,,,,,,,,,,N,2,0,1,1,A,-,03,22350,,N,F,A,A,A,H,-,A,D,0,,Y,,,Y,,L,04,1,0,0,0,0,0,1,0,0,-,-,,,"SAN DIEGO","SAN DIEGO",-117.21615081,32.95926705
7175226,2016,2016-02-05,3711,2016-01-25,2306,5669,,1,5,7,3711,0,0,0,,0,611,"PACIFIC HWY","BARNETT AV",0.00,,Y,A,-,N,,,,,,,,,,N,3,0,1,2,A,-,08,22107,,N,C,G,A,A,H,-,C,D,0,,Y,,,Y,,L,04,0,1,0,0,0,0,1,0,0,-,-,,,"SAN DIEGO","SAN DIEGO",,
7174526,2016,2017-02-10,3711,2016-01-25,0915,4274,,1,5,7,3711,0,0,0,,0,313,"CLAIREMONT MESA BL","RT 805",0.00,,Y,A,-,Y,SD,11,805,-,-,22.380,R,3,N,N,4,0,1,2,A,-,12,21453,A,N,D,G,A,A,H,-,A,A,0,,Y,,,Y,,-,,0,0,1,0,0,0,1,0,0,-,NF,,,"SAN DIEGO","SAN DIEGO",-117.16796281,32.83109231
7174306,2016,2016-02-18,3711,2016-01-19,1952,7048,,2,5,7,3711,0,0,0,,0,122,"OCEAN BL",HORNBLEND,0.00,,Y,G,-,N,,,,,,,,,,N,3,0,1,1,A,-,-,,,N,E,I,A,A,H,-,C,D,0,,Y,,,Y,Y,L,04,0,1,0,0,0,0,1,0,0,-,-,,,"SAN DIEGO","SAN DIEGO",-117.25633008,32.79541001
7172496,2016,2016-02-02,3711,2016-01-17,0923,6146,,7,5,7,3711,0,0,0,,0,246,"SCRIPPS POWAY PKWY","ANGELIQUE ST",5.00,W,N,A,-,N,,,,,,,,,,N,3,0,1,2,A,-,17,21451,A,N,D,G,A,A,H,-,A,A,0,,Y,,,Y,,A,01,0,1,0,0,0,0,1,0,0,-,-,,,"SAN DIEGO","SAN DIEGO",-117.07305588,32.93442711
7172492,2016,2016-02-02,3711,2016-01-19,2017,6156,SD,2,5,7,3711,0,0,0,,0,111,"CLAIREMONT MESA BL","DIANE AV",150.00,E,N,C,-,N,,,,,,,,,,N,4,0,1,2,A,-,03,22350,,N,C,G,A,B,G,-,C,D,0,,Y,,,Y,,-,,0,0,1,0,0,0,1,0,0,-,-,,,"SAN DIEGO","SAN DIEGO",-117.18656335,32.83452215
7172485,2016,2016-02-02,3711,2016-01-20,1057,7274,,3,5,7,3711,0,0,0,,0,627,"4TH AV","WALNUT AV",0.00,,Y,A,-,N,,,,,,,,,,N,3,0,1,2,A,-,04,21703,,N,B,G,A,A,H,-,A,D,0,,Y,,,Y,Y,-,,0,1,0,0,0,0,1,0,0,-,-,,,"SAN DIEGO","SAN DIEGO",-117.16135,32.74145011
7170193,2016,2016-02-03,3711,2016-01-24,1705,6070,,7,5,7,3711,0,0,0,,0,122,"OCEAN BL","OCEAN BL 4767",0.00,,N,A,-,N,,,,,,,,,,N,3,0,1,1,D,-,00,,,N,E,-,A,A,H,-,B,D,0,,Y,,,Y,Y,-,-,0,1,0,0,0,0,1,0,0,-,-,,,"SAN DIEGO","SAN DIEGO",,
7168307,2016,2017-02-10,3711,2016-01-12,1623,6483,,2,5,7,3711,0,0,0,,0,838,"UNIVERSITY AV","RT 15",0.00,,Y,A,-,Y,SD,11,15,-,M,4.755,R,4,S,N,4,0,1,2,A,-,12,21453,A,N,D,G,A,A,H,-,A,A,0,,Y,,,Y,,L,04,0,0,1,0,0,0,1,0,0,-,-,,,"SAN DIEGO","SAN DIEGO",-117.1089925,32.75128248
7165634,2016,2016-01-25,3711,2016-01-11,1558,7256,W2,1,5,7,3711,0,0,0,,0,614,"WEST POINT LOMA BL","W POINT LOMA BL 5150",0.00,,-,B,-,N,,,,,,,,,,N,4,0,1,2,A,-,05,21460,A,N,D,G,A,A,H,-,A,D,0,,Y,,,Y,,-,-,0,0,1,0,0,0,1,0,0,-,-,,,"SAN DIEGO","SAN DIEGO",,
7165614,2016,2016-01-26,3711,2016-01-02,1726,6461,,6,5,7,3711,0,0,0,,0,122,"LA JOLLA BL","SEA RIDGE",100.00,S,N,A,-,N,,,,,,,,,,N,3,0,1,1,A,-,03,22350,,N,H,-,A,A,A,-,C,D,0,,Y,,,Y,,L,04,0,1,0,0,0,0,1,0,0,-,-,,,"SAN DIEGO","SAN DIEGO",-117.2780088,32.83620474
7160828,2016,2016-01-23,3711,2016-01-06,1230,7030,,3,5,7,3711,0,0,0,,0,611,"ROSECRANS ST","KURTZ ST",0.00,,Y,B,-,N,,,,,,,,,,N,4,0,1,2,A,-,03,22350,,N,C,G,A,B,H,-,A,A,0,,Y,,,Y,,-,,0,0,1,0,0,0,1,0,0,-,-,,,"SAN DIEGO","SAN DIEGO",-117.20388007,32.75231011
7158553,2016,2016-01-28,3711,2016-01-13,1435,7136,,3,5,7,3711,0,0,0,,0,512,"COMMERCIAL ST","29TH ST",3.00,W,N,A,-,N,,,,,,,,,,N,4,0,1,2,A,-,09,21802,A,M,B,G,A,A,H,-,A,D,0,,Y,,,Y,,-,-,0,0,1,0,0,0,1,0,0,-,-,,,"SAN DIEGO","SAN DIEGO",-117.13206972,32.70539995
7158486,2016,2016-01-28,3711,2016-01-11,1548,4243,,1,5,7,3711,0,0,0,,0,114,"CLAIREMONT DR","CLAREMONT MESA BL",0.00,,Y,B,-,N,,,,,,,,,,N,3,0,1,2,A,-,12,21453,A,N,D,G,A,A,H,-,A,A,0,,Y,,,Y,,L,04,0,1,0,0,0,0,1,0,0,-,-,,,"SAN DIEGO","SAN DIEGO",-117.20615013,32.82771009
7158468,2016,2016-01-27,3711,2016-01-13,1630,6734,,3,5,7,3711,0,0,0,,0,627,"ROBINSON AV","ROBINSON AV 700",0.00,,Y,A,-,N,,,,,,,,,,Y,3,0,1,2,A,-,09,21801,A,N,D,G,A,A,H,-,B,A,0,,Y,,,Y,,A,01,0,1,0,0,0,0,1,0,0,-,-,,,"SAN DIEGO","SAN DIEGO",,
7158415,2016,2016-01-27,3711,2016-01-15,1531,7399,,5,5,7,3711,0,0,0,,0,723,"CORONADO AV","CORONADO AV 2135",2.00,N,N,A,-,N,,,,,,,,,,N,4,0,1,2,A,-,09,21801,A,N,D,G,A,A,H,-,A,A,0,,Y,,,Y,,A,01,0,0,1,0,0,0,1,0,0,-,-,,,"SAN DIEGO","SAN DIEGO",,
7157107,2016,2016-01-22,3711,2016-01-08,1133,6112,,5,5,7,3711,0,0,0,,0,124,"LAJOLLA SHORES DR","LA JOLLA SHORES LN",525.00,N,N,B,-,N,,,,,,,,,,N,3,0,1,1,A,-,03,22350,,N,H,A,A,A,H,-,A,D,0,,Y,,,Y,,L,04,0,1,0,0,0,0,1,0,0,-,-,,,"SAN DIEGO","SAN DIEGO",-117.2499898,32.87027753
7157079,2016,2016-01-22,3711,2016-01-09,1638,5515,,6,5,7,3711,0,0,0,,0,812,"TEXAS ST","CAMINO DEL RIO S",120.00,S,N,B,-,N,,,,,,,,,,N,3,0,1,1,A,-,03,22350,A,N,F,G,A,A,H,-,A,A,0,,Y,,,Y,,L,04,0,1,0,0,0,0,1,0,0,-,-,,,"SAN DIEGO","SAN DIEGO",-117.13916146,32.76698439
7156713,2016,2016-01-15,3711,2016-01-01,1910,6851,,5,5,7,3711,0,0,0,,0,512,"OCEAN VIEW BL","SOUTH 30TH ST",0.00,,Y,A,-,N,,,,,,,,,,N,3,0,1,2,D,-,00,,,N,D,G,A,A,H,-,C,A,0,,Y,,,Y,,-,-,0,1,0,0,0,0,1,0,0,-,-,,,"SAN DIEGO","SAN DIEGO",-117.12952001,32.70117009
7151332,2016,2016-01-14,3711,2016-01-02,1600,5315,,6,5,7,3711,0,0,0,,0,625,"INDIA ST","WEST WASHINGTON ST",70.00,S,N,A,-,N,,,,,,,,,,N,4,0,1,2,A,-,08,22107,,N,D,G,A,A,H,-,A,D,0,,Y,,,Y,,-,,0,0,1,0,0,0,1,0,0,-,-,,,"SAN DIEGO","SAN DIEGO",-117.18115936,32.7431239
6353287,2016,2016-03-23,3711,2016-03-13,1606,7409,,7,5,7,3711,0,0,0,,0,242,"ACAMA ST","MONTONGO ST",0.00,,Y,A,-,N,,,,,,,,,,N,4,0,1,2,A,-,05,21650,1,N,B,G,A,A,H,-,A,-,0,,Y,,,Y,,L,04,0,0,1,0,0,0,1,0,0,-,-,,,"SAN DIEGO","SAN DIEGO",-117.15411003,32.92645011
6352660,2016,2016-03-28,3711,2016-03-08,1946,,,2,5,7,3711,0,0,0,,0,613,"NIMITZ BL","WEST POINT LOMA BL",25.00,W,N,A,-,N,,,,,,,,,,N,3,0,1,2,A,-,17,21461,A,N,G,G,A,A,H,-,C,D,0,,Y,,,Y,,A,01,0,1,0,0,0,0,1,0,0,-,-,,,"SAN DIEGO","SAN DIEGO",-117.23614945,32.75130381
6351412,2016,2016-08-24,3711,2016-03-06,1940,6594,,7,5,7,3711,0,0,0,,0,445,"47TH ST","GUYMON ST",25.00,S,N,B,-,N,,,,,,,,,,N,3,0,1,2,A,-,14,21201,D,N,D,G,A,A,H,-,C,D,0,,Y,,,Y,Y,L,04,0,1,0,0,0,0,1,0,0,-,-,,,"SAN DIEGO","SAN DIEGO",-117.09357281,32.71209156
6351400,2016,2016-03-28,3711,2016-03-12,1629,7231,3711,6,5,7,3711,0,0,0,,0,431,"OLD MEMORY LN","ROSWELL ST",12.00,W,N,A,-,N,,,,,,,,,,N,4,0,1,2,A,-,05,21202,A,N,D,G,A,A,H,-,A,D,0,,Y,,,Y,,L,04,0,0,1,0,0,0,1,0,0,-,-,,,"SAN DIEGO","SAN DIEGO",-117.07137884,32.71891152
90657093,2018,2018-02-07,9645,2018-01-28,0910,017498,,7,1,7,3711,0,1,3,,2,014,"SR-52 WESTBOUND FROM GENESEE AVE S/B","GENESEE AVE",69.00,W,N,A,-,Y,,,52,,,,R,,W,N,2,0,1,1,A,-,03,22350,,N,E,I,A,A,H,-,A,D,0,,Y,,,Y,,L,04,1,0,0,0,0,0,1,0,0,-,-,32.84835,-117.20431,"SAN DIEGO","SAN DIEGO",-117.20431,32.84835
90659718,2017,2018-02-12,9645,2017-11-21,1945,017133,,2,2,7,3711,0,1,1,,2,001,"I-5 S/B TO PALM AVE","PALM AVENUE",3.00,N,N,A,-,Y,,,5,,,,R,,S,N,4,0,1,1,A,-,16,24002,A,N,F,A,A,A,H,-,C,D,0,,Y,,,Y,,L,04,0,0,1,0,0,0,1,0,0,-,-,32.58398,-117.08896,"SAN DIEGO","SAN DIEGO",-117.08896,32.58398
90722692,2018,2018-05-09,9645,2018-04-14,2210,021631,,6,3,7,3711,0,1,1,,2,003,"I-5 N/B FROM PERSHING DR.",I-5,513.00,E,N,A,-,Y,,,5,,,,R,,N,N,3,0,1,1,A,-,17,21200,,N,F,A,A,A,H,-,C,D,0,,Y,,,Y,Y,L,04,0,1,0,0,0,0,1,0,0,-,-,32.722,-117.14604,"SAN DIEGO","SAN DIEGO",-117.14604,32.722
90737174,2018,2018-05-30,9645,2018-05-13,2320,021338,,7,3,7,3711,0,1,1,,2,011,"I-805 N/B TO I-8 E/B",I-8,100.00,S,N,A,-,Y,,,,,,,,,,N,3,0,1,1,A,-,03,22350,,N,H,A,A,A,H,-,C,D,0,,Y,,,Y,,L,04,0,1,0,0,0,0,1,0,0,-,-,32.77274,-117.12802,"SAN DIEGO","SAN DIEGO",-117.13219313,32.77183897
90766517,2018,2018-07-10,9645,2018-06-27,2040,016864,,3,2,7,3711,0,1,1,,2,015,"I-805 N/B FROM W/B CLAIREMONT MESA BLVD","CLAIREMONT MESA BLVD",35.00,N,N,A,-,Y,,,,,,,,,,N,3,0,1,2,A,-,09,21802,A,N,D,G,A,A,H,-,C,A,0,,Y,,,Y,,L,04,0,1,0,0,0,0,1,0,0,-,-,32.8329,-117.16578,"SAN DIEGO","SAN DIEGO",-117.16938193,32.83347527
90797458,2018,2018-08-24,9645,2018-07-24,0511,014804,,2,3,7,3711,0,1,3,,2,025,"SR-163 (S/B)",SR-52,858.00,S,N,B,-,Y,,,163,,,,,,,Y,1,1,0,2,A,-,07,21658,A,N,H,G,A,A,H,-,D,A,0,,Y,,,Y,,L,04,0,0,0,0,0,1,0,0,0,-,-,32.83926,-117.13546,"SAN DIEGO","SAN DIEGO",-117.13545193,32.83925273
90811571,2018,2018-09-12,9645,2018-09-06,1110,014669,,4,1,7,3711,0,3,5,,2,024,"DOVE CANYON ROAD S/B (16100 BLOCK)","BERNARDO CENTER DRIVE",75.00,N,N,A,-,N,,,,,,,,,,N,3,0,1,2,A,-,03,22350,,N,C,G,A,A,H,-,A,A,0,,Y,,,Y,,L,04,0,1,0,0,0,0,1,0,0,-,-,33.0023,-117.10622,"SAN DIEGO","SAN DIEGO",-117.10612025,33.00215366
90812379,2018,2018-09-13,9645,2018-09-01,1057,016409,,6,1,7,3711,0,1,1,,2,003,"I-5 S/B TO SR-163 N/B",I-5,1584.00,N,N,A,-,Y,,,,,,,,,,Y,3,0,1,2,A,-,08,22107,,N,H,G,A,A,H,-,A,D,0,,Y,,,Y,,L,04,0,1,0,0,0,0,1,0,0,-,-,32.7279,-117.15546,"SAN DIEGO","SAN DIEGO",,
90820890,2018,2018-09-25,9645,2018-08-25,2005,017953,,6,2,7,3711,0,1,1,,2,007,"I-5 N/B FROM W/B VIA DE LA VALLE","I-5 N/B",382.00,E,N,A,-,Y,,,5,,,,R,,N,N,3,0,1,2,A,-,09,21804,A,N,D,G,A,A,H,-,D,D,0,,Y,,,Y,,L,04,0,1,0,0,0,0,1,0,0,-,-,32.98049,-117.25181,"SAN DIEGO","SAN DIEGO",-117.25181,32.98049
90899652,2018,2019-01-08,9645,2018-12-27,1240,015331,,4,1,7,3711,0,1,3,,2,023,"SR-163 SOUTHBOUND","EL PRADO",425.00,S,N,A,-,Y,,,163,,,,,,S,N,2,0,1,2,A,-,07,21658,A,N,B,G,A,A,H,-,A,D,0,,Y,,,Y,,L,04,1,0,0,0,0,0,1,0,0,-,-,32.73023,-117.15483,"SAN DIEGO","SAN DIEGO",-117.15479911,32.73022348